Ar,Lan,Krets_id,Jaktmarksareal,Baver,Dovhjort,Falthare,Gravling,Kaja,Kricka,Notskrika,Radjur,Rodrav,Vildsvin
2011,4,448,8931,0,0,2,12,0,0,0,43,4,25
2011,4,448,2000,3,2,6,12,48,0,0,14,8,23
2011,4,448,800,0,0,1,1,0,0,0,8,1,10
2011,4,448,675,0,2,2,0,0,0,0,1,12,7
2011,4,448,400,0,1,0,0,0,0,0,10,2,6
2011,4,448,600,0,0,0,2,0,0,0,0,0,5
2011,4,448,815,0,0,0,0,0,0,0,9,10,4
2011,4,448,1787,0,0,0,2,0,0,0,2,1,4
2011,4,448,370,0,1,0,3,0,0,0,0,0,3
2011,4,448,589,0,0,0,0,0,0,0,1,1,3
2011,4,448,686,0,0,0,2,0,0,0,6,2,3
2011,4,448,754,0,0,0,2,0,0,0,0,2,3
2011,4,448,363,0,0,1,7,0,0,5,3,0,2
2011,4,448,516,0,0,1,1,0,0,2,2,0,2
2011,4,448,550,0,0,0,0,28,0,0,4,2,2
2011,4,448,450,0,2,0,1,0,0,0,2,2,1
2011,4,448,511,0,0,0,0,0,0,0,0,4,1
2011,4,448,51,0,0,0,1,0,0,0,0,1,0
2011,4,448,170,0,0,0,2,0,0,2,2,4,0
2011,4,448,200,0,0,0,0,0,0,0,0,0,0
2011,4,448,366,0,0,0,0,0,0,0,3,0,0
2011,4,448,385,0,0,0,1,0,0,0,1,0,0
2011,4,448,549,0,0,0,0,0,0,0,2,0,0
2011,4,448,696,0,0,0,0,0,0,0,10,2,0
2011,4,449,9700,11,88,21,46,110,21,1,57,89,367
2011,4,449,7030,0,51,0,22,40,0,0,22,34,151
2011,4,449,6032,0,45,8,17,237,0,0,42,37,137
2011,4,449,10462,0,6,17,34,87,2,8,45,25,104
2011,4,449,980,0,30,3,4,10,0,0,4,7,35
2011,4,449,743,0,12,0,0,0,0,0,0,2,15
2011,4,449,964,0,3,0,0,0,0,0,2,7,10
2011,4,449,1410,0,43,0,0,0,0,2,3,4,9
2011,4,449,360,0,0,0,3,0,0,0,6,12,7
2011,4,449,700,0,0,0,0,0,0,0,4,0,6
2011,4,449,200,0,8,0,0,0,0,0,0,0,5
2011,4,449,208,0,15,0,0,0,0,0,0,0,5
2011,4,449,435,0,1,2,0,0,0,0,1,3,5
2011,4,449,650,0,29,0,2,8,0,0,5,3,3
2011,4,449,116,0,1,0,0,0,0,0,3,0,0
2011,4,449,210,0,7,0,0,0,0,0,2,3,0
2011,4,450,1756,4,39,0,4,11,12,1,2,22,61
2011,4,450,2020,0,10,0,1,0,0,0,7,7,32
2011,4,450,1900,0,42,0,0,44,0,0,14,18,21
2011,4,450,264,0,24,0,0,0,0,0,4,4,12
2011,4,450,700,0,100,0,0,35,0,0,1,6,9
2011,4,450,730,0,40,0,0,0,0,0,0,2,8
2011,4,450,1211,0,7,1,5,0,0,0,14,3,8
2011,4,450,203,0,3,0,0,0,0,0,1,0,5
2011,4,450,328,0,6,0,1,0,0,0,3,1,4
2011,4,450,360,0,18,0,0,0,0,0,1,1,4
2011,4,450,90,0,3,0,0,0,0,0,1,0,3
2011,4,450,159,0,10,0,0,0,0,0,0,1,3
2011,4,450,259,0,7,1,0,5,0,0,0,0,3
2011,4,450,445,0,29,0,1,0,0,0,4,0,3
2011,4,450,507,0,21,1,7,0,0,0,2,0,3
2011,4,450,58,0,2,0,2,0,0,0,1,0,2
2011,4,450,90,0,0,0,1,0,0,0,0,1,2
2011,4,450,114,0,6,0,0,0,0,0,5,2,2
2011,4,450,165,0,11,0,1,0,0,0,0,6,2
2011,4,450,245,1,25,0,3,5,0,0,0,4,2
2011,4,450,278,0,1,0,1,0,0,0,5,1,2
2011,4,450,284,0,10,1,0,0,0,0,1,0,2
2011,4,450,391,0,17,0,0,0,0,0,3,0,2
2011,4,450,622,0,8,1,3,0,0,0,0,5,2
2011,4,450,56,0,2,2,2,0,0,7,1,2,1
2011,4,450,75,0,1,0,0,2,0,0,0,2,1
2011,4,450,200,0,9,0,0,0,0,0,3,2,1
2011,4,450,580,0,11,0,0,0,0,0,3,1,1
2011,4,450,20,0,4,0,0,0,0,0,2,0,0
2011,4,450,115,0,12,0,0,0,0,0,0,0,0
2011,4,450,336,0,2,0,0,0,0,0,3,0,0
2011,4,450,450,0,24,0,1,0,0,0,3,2,0
2011,4,450,550,0,0,0,0,0,0,0,0,0,0
2011,4,453,4542,0,144,3,16,0,0,0,19,38,33
2011,4,453,5500,20,121,1,15,24,0,0,27,32,29
2011,4,453,850,0,34,0,4,6,0,0,5,2,10
2011,4,453,839,0,15,3,5,5,0,0,7,12,7
2011,4,453,1300,0,28,0,0,0,0,0,0,7,7
2011,4,453,780,0,14,0,0,0,0,0,10,6,6
2011,4,453,120,3,1,0,0,0,0,2,2,3,4
2011,4,453,300,0,8,0,0,0,0,0,4,0,4
2011,4,453,1200,0,26,0,1,0,0,0,10,2,3
2011,4,453,240,0,2,0,5,0,0,2,1,0,2
2011,4,453,295,0,4,2,1,0,0,0,2,4,2
2011,4,453,700,0,7,0,0,0,0,0,5,1,2
2011,4,453,55,0,1,0,0,0,0,0,0,0,1
2011,4,453,860,0,8,0,1,0,0,0,2,7,1
2011,4,453,47,0,1,0,0,0,0,0,0,0,0
2011,4,453,100,0,1,0,0,0,0,0,0,0,0
2011,4,453,195,0,2,0,0,0,0,0,1,0,0
2011,4,453,254,0,11,0,2,0,0,0,0,1,0
2011,4,453,10032,0,34,0,7,0,0,0,3,1,0
2011,4,454,10838,2,20,5,4,0,0,0,33,19,35
2011,4,454,2850,2,67,0,6,0,0,0,26,8,32
2011,4,454,1520,0,1,0,4,13,0,0,9,17,29
2011,4,454,650,0,0,1,2,0,0,0,4,8,8
2011,4,454,312,0,0,0,0,0,0,0,2,5,6
2011,4,454,427,0,0,5,3,5,0,10,1,2,4
2011,4,454,498,0,1,0,2,0,0,0,6,8,4
2011,4,454,726,0,0,0,0,0,0,0,3,3,3
2011,4,454,900,0,5,2,0,0,0,0,6,2,1
2011,4,454,934,0,0,3,4,0,0,0,5,1,1
2011,4,454,39,0,0,0,0,0,0,0,2,0,0
2011,4,454,78,0,0,0,0,0,0,0,3,0,0
2011,4,454,120,0,0,0,0,0,0,0,3,0,0
2011,4,454,122,1,1,0,0,0,0,0,1,1,0
2011,4,454,283,0,2,2,2,0,0,0,3,4,0
2011,4,454,286,0,2,0,0,0,0,0,0,0,0
2011,4,454,428,0,0,1,1,0,0,0,2,1,0
2011,4,454,472,0,0,0,0,0,0,0,2,0,0
2011,4,454,616,0,0,0,1,3,0,0,4,5,0
2011,4,454,959,0,0,0,0,0,0,0,0,0,0
2011,4,455,4664,0,1,6,19,0,0,0,20,69,44
2011,4,455,1982,1,0,1,6,0,0,0,7,9,8
2011,4,455,65,0,0,0,3,0,0,0,1,7,7
2011,4,455,956,0,0,0,0,0,0,0,9,2,7
2011,4,455,393,0,0,2,0,0,0,0,9,8,5
2011,4,455,509,0,0,0,1,0,0,0,5,0,5
2011,4,455,50,0,0,0,0,0,0,0,0,2,3
2011,4,455,425,0,0,0,2,0,0,0,3,1,3
2011,4,455,1379,1,0,1,1,0,0,0,11,5,3
2011,4,455,1987,2,0,0,2,25,0,0,7,2,3
2011,4,455,598,0,0,0,5,0,0,0,3,6,2
2011,4,455,600,0,0,0,0,0,0,0,2,0,2
2011,4,455,110,0,0,0,0,0,0,0,0,0,1
2011,4,455,246,0,0,0,0,0,0,0,1,0,1
2011,4,455,80,0,0,0,0,2,0,2,1,2,0
2011,4,455,175,0,0,0,0,0,0,0,1,0,0
2011,4,455,303,0,5,0,0,0,0,0,1,0,0
2011,4,455,340,0,0,0,0,0,0,0,1,2,0
2011,4,456,200,0,0,0,0,0,0,0,0,0,35
2011,4,456,5900,4,0,13,9,0,0,0,19,18,22
2011,4,456,1075,0,0,0,4,0,0,0,2,3,18
2011,4,456,696,0,1,5,7,0,0,0,1,5,13
2011,4,456,580,0,4,4,12,4,0,0,12,11,12
2011,4,456,872,2,0,0,5,0,0,0,5,5,10
2011,4,456,330,0,1,1,3,0,0,0,5,2,8
2011,4,456,416,0,0,0,0,0,0,0,2,0,8
2011,4,456,425,0,0,0,0,0,0,0,6,1,8
2011,4,456,643,0,0,0,1,0,0,0,5,3,8
2011,4,456,852,0,12,0,12,0,0,0,2,7,8
2011,4,456,2516,3,0,0,0,0,0,0,4,1,8
2011,4,456,257,0,2,0,1,0,0,0,1,3,7
2011,4,456,455,0,0,0,0,0,0,0,4,0,7
2011,4,456,600,0,0,0,0,0,0,0,2,3,7
2011,4,456,127,0,1,0,1,4,0,0,4,3,6
2011,4,456,1025,0,8,0,7,0,0,5,5,7,6
2011,4,456,1400,2,0,2,6,0,0,0,4,3,6
2011,4,456,129,0,0,2,0,0,0,0,8,4,5
2011,4,456,530,0,0,0,6,0,0,0,7,2,5
2011,4,456,1200,0,0,4,4,0,0,1,4,1,5
2011,4,456,534,0,3,0,12,0,0,4,2,2,4
2011,4,456,716,0,0,1,6,0,0,0,0,0,4
2011,4,456,820,0,0,6,1,0,0,0,1,3,4
2011,4,456,1100,0,0,1,8,0,0,1,7,12,4
2011,4,456,1150,0,0,0,0,6,0,0,2,1,4
2011,4,456,100,0,0,0,2,0,0,0,0,1,3
2011,4,456,206,0,0,0,1,3,0,0,4,4,3
2011,4,456,420,0,0,0,3,0,0,1,2,3,3
2011,4,456,750,0,0,0,0,0,0,0,0,0,3
2011,4,456,780,0,0,0,2,0,0,0,1,1,3
2011,4,456,1066,0,0,0,1,0,0,0,9,1,3
2011,4,456,2300,0,0,3,1,0,1,0,13,3,3
2011,4,456,392,0,0,0,1,2,0,5,4,1,2
2011,4,456,460,0,0,1,0,0,0,0,5,1,2
2011,4,456,522,1,0,0,2,0,0,0,4,6,2
2011,4,456,900,0,0,0,2,0,0,0,8,4,2
2011,4,456,151,0,0,0,1,0,0,0,1,2,1
2011,4,456,409,0,0,0,0,0,0,0,9,6,1
2011,4,456,652,0,0,0,0,0,0,0,2,0,1
2011,4,456,22,0,0,0,0,0,0,0,0,0,0
2011,4,456,27,0,0,0,0,0,0,0,0,0,0
2011,4,456,76,0,4,0,1,0,0,0,2,0,0
2011,4,456,104,0,0,2,0,0,0,0,0,0,0
2011,4,456,216,0,0,0,0,0,0,0,2,1,0
2011,4,456,220,0,0,2,0,0,0,0,3,0,0
2011,4,456,250,0,0,0,0,0,0,0,1,2,0
2011,4,456,460,0,2,2,0,10,0,0,4,1,0
2011,4,456,520,0,0,6,0,0,0,0,15,4,0
2011,4,456,570,0,0,0,0,0,0,0,2,0,0
2011,4,456,688,1,0,1,0,0,0,0,3,0,0
2011,4,456,1100,0,0,0,0,0,0,0,7,1,0
2011,4,758,8401,0,64,11,55,76,0,0,65,54,216
2011,4,758,6000,7,7,3,24,23,0,8,40,35,124
2011,4,758,1950,0,6,2,0,0,0,0,4,3,16
2011,4,758,1811,0,0,0,0,0,0,0,0,0,11
2011,4,758,263,0,4,0,0,0,0,0,3,9,9
2011,4,758,400,0,0,0,1,0,0,0,10,5,7
2011,4,758,217,0,14,0,0,0,0,0,2,4,5
2011,4,758,453,0,4,1,0,0,0,0,0,1,5
2011,4,758,67,0,0,0,2,1,0,14,3,0,3
2011,4,758,323,0,0,4,0,0,0,0,6,1,3
2011,4,758,729,0,1,0,0,0,0,0,2,0,3
2011,4,758,188,0,0,0,0,0,0,0,1,0,2
2011,4,758,460,0,15,0,0,0,0,0,0,3,1
2011,4,758,62,0,0,0,0,0,0,0,0,0,0
2011,4,758,76,0,0,0,0,0,0,0,0,0,0
2011,4,758,136,0,0,0,0,0,0,0,1,0,0
2011,4,758,346,0,2,0,0,0,0,0,0,5,0
2011,4,758,370,1,2,0,0,0,0,0,4,5,0
2011,4,758,482,0,6,0,7,0,0,0,3,1,0
2011,4,759,2040,0,0,0,9,0,0,0,4,12,27
2011,4,759,736,1,4,4,0,0,0,0,14,7,15
2011,4,759,88,0,0,1,0,0,0,0,1,1,8
2011,4,759,900,0,0,0,0,0,0,0,3,4,8
2011,4,759,74,0,0,0,0,0,0,0,0,0,6
2011,4,759,528,0,0,0,0,0,0,0,3,0,6
2011,4,759,128,0,0,0,0,0,0,0,2,0,5
2011,4,759,1150,0,15,0,0,0,0,0,4,2,5
2011,4,759,50,0,0,0,0,0,0,0,0,0,4
2011,4,759,248,0,0,0,0,0,0,0,5,4,3
2011,4,759,460,0,1,0,0,2,0,0,1,1,3
2011,4,759,1003,0,1,0,3,0,0,0,5,1,3
2011,4,759,63,0,0,0,0,1,0,0,0,1,2
2011,4,759,76,0,1,0,9,0,0,19,2,11,2
2011,4,759,778,0,0,0,0,0,0,0,1,0,2
2011,4,759,211,0,0,1,0,0,0,0,0,1,1
2011,4,759,60,0,0,0,0,0,0,0,0,0,0
2011,4,759,167,0,0,0,0,0,0,0,0,0,0
2011,4,759,172,0,1,0,0,0,0,0,1,3,0
2011,4,759,550,0,1,0,0,0,0,0,6,0,0
2012,4,448,696,0,2,4,4,0,0,0,3,9,43
2012,4,448,680,0,1,1,3,0,0,0,4,5,9
2012,4,448,652,0,19,0,5,0,0,0,18,10,8
2012,4,448,750,0,0,0,1,0,0,0,11,0,8
2012,4,448,484,0,2,0,0,0,0,0,8,0,5
2012,4,448,54,0,0,0,0,0,0,0,1,1,3
2012,4,448,480,0,1,0,2,0,0,0,2,1,3
2012,4,448,3000,0,2,10,3,0,0,0,23,10,3
2012,4,448,1787,0,0,0,0,0,0,0,4,0,2
2012,4,448,516,0,0,3,0,0,0,0,1,0,1
2012,4,448,516,0,0,0,0,0,0,0,1,6,1
2012,4,448,549,0,0,0,3,0,0,0,6,2,1
2012,4,448,162,0,0,0,0,0,0,0,1,1,0
2012,4,449,9597,3,78,11,14,117,39,4,66,62,331
2012,4,449,8370,0,68,5,15,295,0,0,56,29,181
2012,4,449,7030,4,82,6,13,40,0,0,31,31,144
2012,4,449,920,0,8,0,0,0,0,0,5,2,27
2012,4,449,470,0,0,3,2,0,0,0,3,4,25
2012,4,449,743,0,10,0,0,0,0,0,2,1,25
2012,4,449,143,0,1,1,0,0,0,0,0,0,15
2012,4,449,635,0,0,0,0,0,0,0,10,3,15
2012,4,449,208,0,17,0,0,0,0,0,0,1,9
2012,4,449,265,0,0,0,2,79,0,0,2,4,4
2012,4,449,445,0,0,0,0,0,0,0,0,0,4
2012,4,449,650,0,55,1,0,12,0,1,5,5,4
2012,4,449,250,0,1,4,4,93,0,0,3,3,3
2012,4,449,630,0,5,0,0,0,0,0,1,0,3
2012,4,449,265,0,0,2,0,87,0,0,5,2,2
2012,4,449,310,0,24,1,0,0,0,0,0,0,1
2012,4,449,116,0,0,0,0,0,0,0,2,0,0
2012,4,449,128,0,0,0,0,0,0,0,0,0,0
2012,4,450,2100,0,20,0,3,0,1,0,13,12,40
2012,4,450,1500,0,164,0,3,0,0,0,4,21,34
2012,4,450,284,0,1,0,2,22,0,0,1,1,24
2012,4,450,259,0,12,0,0,0,0,0,0,0,23
2012,4,450,700,0,0,0,3,0,0,0,3,0,22
2012,4,450,815,0,115,0,12,0,18,0,0,16,18
2012,4,450,1760,0,39,0,8,21,0,0,5,13,18
2012,4,450,1200,0,9,1,4,0,0,0,13,3,15
2012,4,450,56,0,13,0,0,0,0,0,11,2,14
2012,4,450,650,0,15,3,0,0,0,0,2,2,14
2012,4,450,400,0,5,1,2,0,0,0,5,1,11
2012,4,450,540,0,62,5,2,4,0,0,6,2,11
2012,4,450,200,0,7,0,0,0,0,0,4,0,9
2012,4,450,270,0,19,2,0,0,1,0,0,4,9
2012,4,450,633,0,51,0,1,0,0,0,3,0,8
2012,4,450,100,0,4,0,0,0,0,0,3,0,6
2012,4,450,650,0,0,1,2,0,0,0,0,0,6
2012,4,450,58,0,2,0,3,0,0,0,1,1,5
2012,4,450,560,0,68,0,0,0,0,0,4,1,5
2012,4,450,90,0,3,0,0,0,0,0,0,0,4
2012,4,450,328,0,3,1,1,0,0,0,2,1,4
2012,4,450,330,0,48,0,0,0,0,0,1,0,4
2012,4,450,670,0,42,0,0,0,0,0,0,1,4
2012,4,450,115,0,11,0,0,0,0,0,0,0,3
2012,4,450,240,0,4,0,0,0,0,0,1,0,3
2012,4,450,320,0,2,0,0,0,0,0,5,0,3
2012,4,450,365,0,22,0,2,15,0,0,2,3,3
2012,4,450,620,0,1,0,2,0,0,0,3,3,3
2012,4,450,159,0,14,0,1,0,0,0,0,2,2
2012,4,450,284,0,8,2,0,0,0,0,0,0,2
2012,4,450,20,0,13,0,1,0,0,0,4,0,1
2012,4,450,148,0,5,0,0,0,0,0,1,0,1
2012,4,450,160,0,6,0,0,0,0,0,1,0,1
2012,4,450,425,0,20,0,1,0,0,0,6,2,1
2012,4,450,507,1,37,0,5,0,0,0,1,2,1
2012,4,450,10,0,0,0,0,0,0,0,1,0,0
2012,4,450,33,0,0,0,4,8,0,0,2,3,0
2012,4,450,36,0,0,0,0,0,0,0,0,0,0
2012,4,450,41,0,0,0,0,0,0,0,0,0,0
2012,4,450,50,0,6,0,0,0,0,0,0,0,0
2012,4,450,75,0,1,0,0,1,0,5,3,1,0
2012,4,450,80,0,3,0,0,0,0,0,0,0,0
2012,4,450,86,0,1,0,0,0,0,0,0,0,0
2012,4,450,739,0,41,0,0,0,0,0,0,2,0
2012,4,453,10042,14,307,20,51,44,1,16,46,51,109
2012,4,453,5000,5,262,2,11,0,5,3,20,43,89
2012,4,453,960,0,6,0,8,0,0,0,14,22,22
2012,4,453,850,0,11,0,0,0,0,0,7,0,8
2012,4,453,151,0,27,0,6,6,0,0,0,1,6
2012,4,453,198,0,7,0,0,0,0,0,2,0,6
2012,4,453,151,0,27,0,0,5,0,0,0,2,5
2012,4,453,451,0,14,0,0,200,0,0,1,5,5
2012,4,453,120,0,2,0,0,0,0,3,0,0,4
2012,4,453,1250,1,54,1,3,0,0,0,1,3,2
2012,4,453,266,0,4,0,0,0,0,0,2,1,1
2012,4,453,55,0,0,0,0,0,0,0,0,0,0
2012,4,453,55,0,0,0,0,0,0,0,0,0,0
2012,4,453,254,0,16,0,1,0,0,0,0,1,0
2012,4,453,615,0,0,0,0,0,0,0,0,0,0
2012,4,453,770,0,0,0,0,0,0,0,0,0,0
2012,4,453,860,0,10,0,4,0,0,0,1,2,0
2012,4,453,13737,0,0,0,0,0,0,0,0,0,0
2012,4,454,10838,4,20,9,18,0,0,0,61,28,62
2012,4,454,396,0,3,0,3,0,0,0,7,8,38
2012,4,454,1770,4,6,0,3,0,0,0,12,6,37
2012,4,454,1970,0,3,0,7,0,10,0,6,4,24
2012,4,454,579,0,5,1,0,0,0,0,12,7,14
2012,4,454,830,0,3,0,3,0,0,0,6,13,12
2012,4,454,1300,2,1,0,3,0,0,0,1,1,12
2012,4,454,432,0,2,0,0,0,0,0,2,0,10
2012,4,454,990,4,0,3,2,0,0,0,3,1,10
2012,4,454,900,0,2,2,0,0,0,0,3,0,6
2012,4,454,102,0,1,0,2,0,0,0,2,3,5
2012,4,454,140,0,0,0,0,0,0,0,0,3,5
2012,4,454,342,0,0,0,0,0,0,0,1,1,5
2012,4,454,1067,3,7,4,2,0,0,0,6,2,5
2012,4,454,785,0,0,0,0,0,0,0,1,0,4
2012,4,454,150,0,0,0,0,0,0,0,1,1,3
2012,4,454,331,0,1,0,2,0,0,0,3,0,3
2012,4,454,534,0,0,0,1,0,0,0,3,1,3
2012,4,454,635,0,0,1,2,1,0,0,6,4,3
2012,4,454,121,0,1,0,0,0,0,0,3,0,2
2012,4,454,400,0,7,0,0,0,0,0,5,4,1
2012,4,454,616,0,0,0,0,6,0,0,0,0,1
2012,4,454,333,0,2,0,0,0,0,0,6,1,0
2012,4,454,806,0,0,0,0,0,0,0,2,0,0
2012,4,455,4664,3,8,4,12,0,0,0,22,56,63
2012,4,455,666,1,2,0,1,7,0,0,1,14,11
2012,4,455,755,0,0,3,9,0,0,0,3,4,10
2012,4,455,840,0,0,0,0,0,0,0,7,9,9
2012,4,455,1379,0,0,0,1,0,0,0,7,3,8
2012,4,455,650,0,3,0,1,0,0,0,5,2,7
2012,4,455,243,0,3,0,0,0,0,0,0,1,6
2012,4,455,425,0,0,0,1,0,0,0,2,0,6
2012,4,455,1982,1,0,4,2,0,0,0,10,7,6
2012,4,455,650,0,0,0,0,0,0,0,0,0,5
2012,4,455,594,0,0,0,0,0,0,0,5,0,2
2012,4,455,451,1,7,0,6,5,0,0,20,8,1
2012,4,455,100,0,0,0,0,0,0,0,2,0,0
2012,4,455,136,0,0,0,0,0,0,0,0,0,0
2012,4,455,152,0,0,1,0,0,0,0,4,1,0
2012,4,455,175,0,0,1,0,0,0,0,0,0,0
2012,4,455,198,0,0,0,0,0,0,0,1,0,0
2012,4,455,340,0,0,0,0,0,0,0,4,3,0
2012,4,455,430,0,1,0,0,0,0,0,0,0,0
2012,4,455,430,0,0,0,0,0,0,0,7,0,0
2012,4,456,1400,1,13,20,41,140,22,10,15,32,251
2012,4,456,782,2,0,0,5,0,0,0,6,5,23
2012,4,456,1280,0,0,1,4,0,0,5,2,4,22
2012,4,456,2516,1,0,0,1,0,0,0,16,0,21
2012,4,456,5940,5,0,5,6,0,0,0,17,4,19
2012,4,456,780,0,4,0,6,0,0,0,1,0,18
2012,4,456,1850,0,0,0,0,0,0,0,1,0,17
2012,4,456,540,0,1,2,2,0,0,0,9,6,15
2012,4,456,640,0,6,0,6,0,0,0,1,2,12
2012,4,456,673,0,0,0,0,0,0,0,2,0,11
2012,4,456,590,1,5,2,20,0,0,0,20,8,10
2012,4,456,1140,0,0,0,11,0,0,2,11,0,9
2012,4,456,115,0,0,0,1,4,0,0,4,2,8
2012,4,456,1090,0,0,1,0,0,0,0,16,2,8
2012,4,456,50,0,0,0,0,0,0,0,2,2,7
2012,4,456,350,0,0,0,0,0,0,0,0,0,6
2012,4,456,355,0,0,0,2,0,0,0,6,1,6
2012,4,456,427,0,1,0,4,5,0,7,0,1,6
2012,4,456,495,0,0,0,0,0,0,0,7,3,6
2012,4,456,120,0,0,0,0,0,0,0,0,0,5
2012,4,456,520,0,0,0,1,0,0,0,0,0,5
2012,4,456,535,0,0,0,0,0,0,0,4,0,5
2012,4,456,22,0,0,0,0,0,0,0,3,0,4
2012,4,456,409,0,0,0,0,0,0,0,8,7,4
2012,4,456,454,0,0,0,0,2,0,0,2,2,4
2012,4,456,638,0,10,2,0,0,0,9,0,0,4
2012,4,456,750,0,0,0,0,0,0,0,5,2,4
2012,4,456,40,0,0,0,3,0,0,0,1,1,3
2012,4,456,330,0,0,0,3,0,0,0,3,0,3
2012,4,456,402,0,0,0,0,0,0,0,7,1,3
2012,4,456,480,0,5,2,0,2,0,0,2,0,3
2012,4,456,1240,0,0,1,0,0,0,0,4,0,3
2012,4,456,246,0,0,0,0,0,0,0,0,0,2
2012,4,456,260,0,0,0,0,0,0,0,1,0,2
2012,4,456,300,0,2,0,5,0,0,0,2,0,2
2012,4,456,540,0,0,0,0,0,0,0,4,1,2
2012,4,456,585,0,0,0,0,0,0,0,3,0,2
2012,4,456,606,0,2,0,0,0,0,0,7,5,2
2012,4,456,75,0,5,4,0,0,0,0,2,1,1
2012,4,456,600,0,0,0,0,0,0,0,0,0,1
2012,4,456,220,0,0,0,0,0,0,0,7,0,0
2012,4,456,500,0,0,0,0,0,0,0,10,1,0
2012,4,456,2000,0,0,0,0,0,0,0,24,4,0
2012,4,456,2400,0,0,0,0,0,0,0,0,0,0
2012,4,758,6100,4,12,2,20,34,0,2,68,30,150
2012,4,758,1947,1,5,2,3,0,0,1,10,1,25
2012,4,758,2000,3,2,5,11,43,0,0,7,2,16
2012,4,758,1075,0,0,0,2,0,0,0,2,3,15
2012,4,758,850,0,20,0,5,0,0,0,1,2,13
2012,4,758,912,0,0,0,4,0,0,0,9,7,12
2012,4,758,700,0,2,4,9,0,0,0,0,2,11
2012,4,758,270,0,0,0,0,0,0,0,12,0,9
2012,4,758,380,0,6,4,0,3,0,0,3,0,5
2012,4,758,453,0,0,0,0,0,0,0,1,0,5
2012,4,758,115,0,0,0,0,0,0,0,2,0,4
2012,4,758,240,0,19,0,0,0,0,0,3,0,4
2012,4,758,323,0,0,3,0,0,0,0,0,2,4
2012,4,758,450,0,34,0,0,0,0,0,1,0,4
2012,4,758,612,0,0,0,1,0,0,0,0,0,3
2012,4,758,110,0,0,0,0,0,0,0,4,1,2
2012,4,758,188,0,0,0,0,0,0,0,0,0,1
2012,4,758,272,0,1,0,0,0,0,0,1,0,1
2012,4,758,684,1,0,0,0,0,0,0,0,0,1
2012,4,758,995,0,0,0,0,0,0,0,0,0,1
2012,4,758,63,0,0,0,0,0,0,0,0,0,0
2012,4,758,482,0,0,0,6,0,0,0,3,1,0
2012,4,759,8932,0,14,0,0,0,0,0,17,0,183
2012,4,759,21000,17,322,12,41,200,20,10,53,37,156
2012,4,759,2040,0,4,0,10,0,0,0,2,19,46
2012,4,759,100,0,2,1,0,0,0,0,3,1,14
2012,4,759,100,0,2,1,0,0,0,0,4,1,9
2012,4,759,400,0,1,0,0,0,0,0,16,0,9
2012,4,759,50,0,0,0,0,0,0,0,1,0,5
2012,4,759,1150,0,17,0,0,0,0,0,7,1,5
2012,4,759,235,0,0,0,0,0,0,0,5,6,4
2012,4,759,1003,0,0,0,0,0,0,0,5,6,3
2012,4,759,76,0,2,0,1,0,0,12,1,12,1
2012,4,759,312,0,5,0,0,0,0,0,5,2,1
2012,4,759,500,0,1,0,0,0,0,0,7,1,1
2012,4,759,778,0,0,0,0,0,0,0,0,1,1
2012,4,759,60,0,0,0,0,0,0,0,2,0,0
2012,4,759,60,0,0,0,0,0,0,0,2,0,0
2012,4,759,114,0,0,0,0,0,0,0,0,0,0
2012,4,759,115,0,0,0,0,0,0,0,0,0,0
2012,4,759,127,0,0,0,0,0,0,0,0,0,0
2012,4,759,136,0,0,0,0,0,0,0,0,0,0
2012,4,759,170,0,0,0,0,0,0,0,0,0,0
2012,4,759,172,0,1,0,0,0,0,0,2,0,0
2012,4,759,191,0,1,0,0,0,0,0,0,0,0
2012,4,759,287,0,0,0,0,0,0,0,0,0,0
2012,4,759,383,0,0,0,0,0,0,0,0,0,0
2012,4,759,427,0,0,0,0,0,0,0,0,0,0
2012,4,759,450,0,0,0,0,0,0,0,0,0,0
2012,4,759,615,0,0,0,0,0,0,0,0,0,0
2012,4,759,900,0,0,1,0,0,0,0,3,0,0
2012,4,759,918,0,0,0,0,0,0,0,0,0,0
2012,4,759,1020,0,0,0,0,0,0,0,0,0,0
2012,4,759,1462,0,0,0,0,0,0,0,0,0,0
2012,4,759,1762,0,0,0,0,0,0,0,0,0,0
2013,4,448,990,0,3,0,8,0,0,2,13,6,30
2013,4,448,2000,6,3,1,7,48,0,0,19,7,15
2013,4,448,674,0,0,3,9,0,0,0,7,2,10
2013,4,448,820,0,0,0,7,2,0,0,9,10,9
2013,4,448,363,0,1,0,2,0,0,0,2,0,6
2013,4,448,756,0,0,0,0,0,0,0,1,0,5
2013,4,448,370,0,1,0,1,0,0,0,0,1,4
2013,4,448,480,0,0,0,2,0,0,0,1,1,4
2013,4,448,727,0,5,0,1,0,0,0,1,6,4
2013,4,448,54,0,0,0,2,0,0,5,4,2,2
2013,4,448,516,0,1,1,0,0,0,2,0,0,2
2013,4,448,589,0,1,0,0,0,0,0,2,0,2
2013,4,448,450,0,1,0,9,0,0,0,2,1,1
2013,4,448,549,0,0,0,1,0,0,0,2,1,1
2013,4,448,758,0,0,0,0,0,0,0,4,0,1
2013,4,448,15,0,1,0,0,0,0,0,0,0,0
2013,4,448,129,0,1,0,0,0,0,0,2,0,0
2013,4,448,400,0,0,0,0,0,0,0,1,1,0
2013,4,448,515,0,0,0,2,0,0,0,0,1,0
2013,4,448,750,0,0,0,0,0,0,0,0,0,0
2013,4,449,9705,7,76,13,22,111,25,2,66,48,201
2013,4,449,7000,4,80,1,16,50,0,0,15,33,111
2013,4,449,9725,0,16,4,12,22,2,0,42,19,75
2013,4,449,980,0,36,6,0,0,0,0,2,0,18
2013,4,449,470,0,7,0,1,0,0,0,7,0,16
2013,4,449,743,0,9,0,0,0,0,0,3,0,10
2013,4,449,248,0,6,0,4,0,0,0,2,1,5
2013,4,449,250,0,1,0,5,0,0,0,3,1,4
2013,4,449,650,0,0,0,0,0,0,0,2,2,3
2013,4,449,375,0,0,2,1,0,0,0,5,2,2
2013,4,449,630,0,6,0,0,0,0,0,2,0,2
2013,4,449,25,0,0,0,3,0,0,0,0,1,0
2013,4,449,116,0,0,0,0,0,0,0,1,0,0
2013,4,449,119,0,0,0,0,0,0,0,0,0,0
2013,4,449,696,0,0,0,1,0,0,0,10,3,0
2013,4,450,2002,4,59,1,10,32,10,0,15,27,58
2013,4,450,2100,0,19,0,6,0,1,1,18,10,52
2013,4,450,4000,0,502,0,25,0,0,0,0,40,43
2013,4,450,2200,2,95,0,18,5,5,7,9,12,35
2013,4,450,1350,0,12,0,3,0,0,0,10,2,26
2013,4,450,815,0,102,0,9,0,0,0,1,12,21
2013,4,450,334,0,13,0,1,0,0,0,5,2,16
2013,4,450,626,0,60,0,4,0,0,0,1,21,13
2013,4,450,230,0,39,0,6,0,0,0,11,1,10
2013,4,450,1760,0,38,0,11,70,0,0,5,18,10
2013,4,450,56,0,61,0,0,0,0,0,7,3,9
2013,4,450,400,0,2,0,2,0,0,0,2,1,9
2013,4,450,362,0,19,0,0,0,0,0,0,2,7
2013,4,450,739,0,57,0,0,0,0,0,4,12,7
2013,4,450,1211,0,12,0,7,0,0,0,19,1,7
2013,4,450,240,0,11,0,0,0,0,0,2,0,5
2013,4,450,670,0,38,0,1,0,0,0,0,0,5
2013,4,450,43,0,10,0,0,0,0,0,0,0,4
2013,4,450,20,0,12,0,1,0,0,0,0,0,3
2013,4,450,159,0,9,0,1,0,0,0,0,4,3
2013,4,450,224,0,16,0,0,0,0,0,3,0,3
2013,4,450,285,0,17,1,0,0,0,0,3,2,3
2013,4,450,328,0,2,0,0,0,0,0,3,2,3
2013,4,450,620,0,4,1,0,0,0,0,3,4,3
2013,4,450,650,0,45,0,0,0,0,0,14,2,3
2013,4,450,739,0,53,0,0,0,0,0,1,0,3
2013,4,450,75,0,1,0,0,0,0,0,0,1,2
2013,4,450,80,0,5,0,0,0,0,0,0,0,2
2013,4,450,88,0,1,0,0,0,0,0,1,0,2
2013,4,450,330,0,37,0,0,0,0,0,4,0,2
2013,4,450,550,0,0,0,0,0,0,0,2,0,2
2013,4,450,90,0,3,0,0,0,0,0,0,0,1
2013,4,450,90,0,0,0,5,0,0,0,1,0,1
2013,4,450,220,0,5,0,0,0,0,0,1,1,1
2013,4,450,260,0,13,0,0,0,0,0,1,0,1
2013,4,450,507,0,36,0,0,0,0,0,2,0,1
2013,4,450,550,0,0,4,0,3,0,0,0,0,1
2013,4,450,560,0,44,0,0,0,0,0,2,0,1
2013,4,450,1050,0,5,0,0,0,0,0,3,2,1
2013,4,450,36,0,2,0,0,0,0,0,0,0,0
2013,4,450,50,0,5,0,1,0,0,0,0,0,0
2013,4,450,86,0,0,0,0,0,0,0,3,0,0
2013,4,450,115,0,10,0,0,0,0,0,0,0,0
2013,4,450,148,0,19,2,0,0,0,0,3,0,0
2013,4,450,184,0,0,2,3,2,0,0,0,3,0
2013,4,450,220,0,8,0,0,0,0,0,1,7,0
2013,4,450,250,0,9,0,0,0,0,0,0,0,0
2013,4,450,356,0,1,0,3,0,0,0,2,7,0
2013,4,450,360,0,10,0,0,0,0,0,1,1,0
2013,4,450,653,0,43,0,9,1,0,2,11,3,0
2013,4,450,800,0,41,0,0,0,0,0,0,0,0
2013,4,453,23564,32,688,13,57,58,22,20,83,92,197
2013,4,453,960,0,7,3,6,0,0,0,14,15,22
2013,4,453,1250,0,59,1,0,0,0,0,4,0,7
2013,4,453,120,2,7,0,2,0,0,0,3,2,6
2013,4,453,850,0,12,0,0,0,0,0,8,0,6
2013,4,453,850,0,37,0,4,0,0,0,0,2,5
2013,4,453,451,0,21,0,0,250,0,0,1,2,3
2013,4,453,1300,1,44,0,0,0,0,0,0,3,3
2013,4,453,136,0,2,0,2,5,0,0,4,2,2
2013,4,453,160,0,0,0,0,0,0,0,0,1,2
2013,4,453,310,0,11,0,0,0,0,0,2,0,2
2013,4,453,550,0,9,0,0,0,0,0,6,2,1
2013,4,453,600,0,12,0,1,0,0,0,2,1,1
2013,4,453,860,0,14,0,0,0,0,0,2,1,1
2013,4,453,57,0,2,0,0,0,0,0,0,0,0
2013,4,453,120,0,2,0,0,0,0,0,1,0,0
2013,4,453,254,0,18,1,0,0,0,0,1,1,0
2013,4,453,350,0,25,0,2,0,0,0,0,1,0
2013,4,454,10838,1,19,0,28,2,0,2,53,21,64
2013,4,454,1520,0,1,5,10,0,0,0,9,12,11
2013,4,454,432,0,3,0,1,0,0,0,4,0,10
2013,4,454,102,0,0,0,2,0,0,0,4,0,9
2013,4,454,1010,0,3,0,0,0,0,0,8,0,9
2013,4,454,140,0,2,0,0,0,0,0,1,2,8
2013,4,454,400,0,8,1,1,0,0,0,3,6,7
2013,4,454,753,0,2,0,4,90,0,0,13,14,7
2013,4,454,220,0,0,0,0,0,0,0,2,0,5
2013,4,454,330,0,1,0,2,0,0,0,4,1,5
2013,4,454,340,0,0,3,2,0,0,0,2,3,5
2013,4,454,1080,0,7,4,2,0,0,0,6,4,5
2013,4,454,428,0,0,0,2,6,0,0,2,1,3
2013,4,454,13,0,1,0,0,0,0,0,0,0,2
2013,4,454,122,0,1,0,1,0,0,0,1,1,2
2013,4,454,179,0,1,0,0,0,0,0,3,0,1
2013,4,454,320,0,0,0,0,0,0,0,6,1,1
2013,4,454,345,0,2,0,0,0,0,0,4,1,1
2013,4,454,635,0,0,4,0,3,0,0,8,2,1
2013,4,454,993,0,2,1,10,0,0,0,3,0,1
2013,4,454,17,0,0,0,0,0,0,0,0,0,0
2013,4,454,283,0,1,2,0,0,0,0,1,3,0
2013,4,455,4664,0,5,5,33,0,0,0,28,34,65
2013,4,455,1982,4,0,8,6,0,0,0,12,9,27
2013,4,455,450,0,0,0,1,0,0,0,6,6,12
2013,4,455,1387,0,1,2,3,0,0,0,15,7,11
2013,4,455,755,0,1,0,7,0,0,0,3,8,10
2013,4,455,840,0,0,3,2,0,0,0,6,11,9
2013,4,455,458,0,4,0,0,10,0,0,8,3,8
2013,4,455,315,0,0,0,0,0,0,0,6,0,7
2013,4,455,110,0,0,0,0,0,0,0,2,0,4
2013,4,455,509,0,0,0,0,0,0,0,2,2,4
2013,4,455,250,0,2,0,0,5,0,0,0,0,3
2013,4,455,451,0,10,0,4,0,0,0,21,8,3
2013,4,455,425,0,0,0,4,0,0,0,6,0,2
2013,4,455,600,0,0,0,0,0,0,0,1,0,1
2013,4,455,150,0,0,1,0,0,0,0,3,1,0
2013,4,455,175,0,0,0,0,0,0,0,0,0,0
2013,4,455,200,0,0,2,0,0,0,0,7,1,0
2013,4,455,300,0,0,0,0,0,0,0,5,2,0
2013,4,455,300,0,0,0,0,0,0,0,6,3,0
2013,4,455,317,0,1,0,3,0,0,0,3,0,0
2013,4,455,590,0,0,0,11,0,0,0,2,3,0
2013,4,456,1400,0,16,5,24,7,18,9,12,26,297
2013,4,456,1300,0,9,0,0,0,0,0,10,0,156
2013,4,456,7633,1,3,10,30,43,0,0,41,40,80
2013,4,456,650,0,0,0,0,0,0,0,16,6,47
2013,4,456,6000,4,1,16,12,0,0,0,29,3,31
2013,4,456,760,0,0,3,8,0,0,0,11,8,22
2013,4,456,590,0,0,0,3,0,0,0,11,1,18
2013,4,456,1008,3,0,3,4,0,0,0,7,10,18
2013,4,456,534,0,6,1,13,0,0,0,12,6,15
2013,4,456,1280,0,0,0,5,0,0,0,4,9,15
2013,4,456,280,0,3,0,0,0,0,0,3,2,14
2013,4,456,1811,0,0,0,0,0,0,0,0,0,14
2013,4,456,204,0,0,0,0,0,0,0,5,1,13
2013,4,456,355,0,0,0,1,0,0,0,8,1,12
2013,4,456,540,0,2,0,3,0,0,0,8,9,12
2013,4,456,1400,0,0,7,6,0,0,0,5,12,11
2013,4,456,110,1,0,0,7,0,0,0,7,2,10
2013,4,456,2516,4,4,0,2,0,0,0,13,2,9
2013,4,456,112,0,0,3,3,0,0,0,7,2,8
2013,4,456,558,0,0,3,6,0,0,0,12,5,8
2013,4,456,655,0,0,0,0,0,0,0,4,2,8
2013,4,456,1027,0,4,0,1,0,0,0,11,5,8
2013,4,456,1075,5,0,0,2,0,0,0,4,4,8
2013,4,456,350,0,0,0,0,0,0,0,0,0,6
2013,4,456,606,0,4,1,0,0,0,0,2,0,6
2013,4,456,2400,0,0,2,1,0,0,0,11,3,6
2013,4,456,119,0,1,2,1,4,0,0,4,2,5
2013,4,456,120,0,0,0,0,0,0,0,3,0,5
2013,4,456,449,0,0,0,0,0,0,0,2,0,5
2013,4,456,1241,0,0,1,3,0,0,0,6,0,5
2013,4,456,61,0,1,0,0,0,0,0,4,1,4
2013,4,456,143,0,2,0,1,0,0,0,7,3,4
2013,4,456,454,0,0,0,0,0,0,0,3,0,4
2013,4,456,160,0,0,0,0,0,0,0,7,0,3
2013,4,456,241,1,0,1,0,5,0,0,10,3,3
2013,4,456,500,0,0,0,0,0,0,0,11,0,3
2013,4,456,38,0,0,0,0,0,0,0,0,0,2
2013,4,456,263,0,1,0,0,0,0,0,2,2,2
2013,4,456,425,0,0,0,1,0,0,0,1,2,2
2013,4,456,450,2,0,0,0,0,0,0,4,4,2
2013,4,456,45,0,0,0,0,0,0,0,1,0,1
2013,4,456,75,0,6,0,0,0,0,0,2,1,1
2013,4,456,220,0,0,1,0,0,0,0,7,2,1
2013,4,456,240,0,0,0,0,0,0,0,0,0,1
2013,4,456,520,0,0,0,1,0,0,0,2,0,1
2013,4,456,570,0,0,0,0,0,0,0,2,0,1
2013,4,456,585,0,0,0,0,0,0,0,0,1,1
2013,4,456,50,0,0,2,0,0,0,0,3,0,0
2013,4,456,140,0,0,0,0,0,0,0,3,0,0
2013,4,456,225,0,2,0,0,0,0,0,7,0,0
2013,4,456,684,1,0,2,0,0,0,0,0,1,0
2013,4,758,8000,8,148,10,47,73,0,0,87,40,242
2013,4,758,6100,1,27,2,52,25,0,10,66,19,145
2013,4,758,6200,1,20,5,22,13,0,0,90,34,86
2013,4,758,370,1,3,3,1,1,0,0,5,7,19
2013,4,758,912,0,0,1,5,0,0,0,10,13,15
2013,4,758,1350,0,64,0,0,0,0,0,0,0,12
2013,4,758,2000,0,0,0,0,0,0,0,16,0,10
2013,4,758,180,0,0,0,0,0,0,0,0,0,9
2013,4,758,690,0,0,1,3,0,0,0,8,4,8
2013,4,758,1941,3,6,0,1,0,0,0,12,3,8
2013,4,758,115,0,0,0,0,6,0,0,1,0,7
2013,4,758,550,0,4,0,0,0,0,0,6,0,7
2013,4,758,303,1,0,0,1,0,0,0,3,3,6
2013,4,758,475,0,0,3,0,0,0,0,4,0,6
2013,4,758,550,0,6,0,0,0,0,0,3,0,6
2013,4,758,729,0,1,0,0,0,0,0,2,1,6
2013,4,758,852,0,19,2,18,0,0,0,0,3,6
2013,4,758,453,0,0,0,0,0,0,0,1,0,5
2013,4,758,240,0,0,1,4,0,0,0,1,0,3
2013,4,758,700,0,0,0,2,0,0,0,0,3,3
2013,4,758,277,0,2,1,2,0,0,0,4,0,2
2013,4,758,278,0,3,0,0,0,0,0,3,3,2
2013,4,758,300,0,0,0,0,0,0,0,5,0,2
2013,4,758,323,0,0,0,0,0,0,0,4,2,2
2013,4,758,247,0,25,0,0,0,0,0,3,2,1
2013,4,758,272,0,1,0,0,0,0,0,1,0,1
2013,4,758,400,0,26,0,0,0,0,0,0,0,1
2013,4,758,482,0,3,0,13,0,0,0,3,2,1
2013,4,758,192,0,0,0,0,0,0,0,2,0,0
2013,4,758,450,0,2,0,0,1,0,0,2,0,0
2013,4,758,995,1,0,0,0,0,0,0,4,0,0
2013,4,759,20000,26,577,38,94,326,45,9,118,62,313
2013,4,759,737,1,2,0,9,0,0,0,25,6,22
2013,4,759,500,0,6,3,2,0,0,0,8,6,15
2013,4,759,900,0,5,1,3,0,0,0,4,2,8
2013,4,759,1150,0,17,0,0,0,0,0,5,0,7
2013,4,759,1003,0,0,1,4,0,0,0,2,5,3
2013,4,759,342,0,6,2,2,0,0,0,8,5,2
2013,4,759,789,0,2,0,7,0,0,0,3,6,2
2013,4,759,60,0,1,0,0,0,0,0,1,0,1
2013,4,759,171,0,2,0,0,0,0,0,1,0,1
2013,4,759,172,0,4,0,0,0,0,0,2,0,1
2013,4,759,525,0,2,0,0,5,0,0,6,4,1
2013,4,759,8,0,0,0,0,0,0,0,0,0,0
2014,4,448,2000,3,3,2,6,48,0,0,5,4,15
2014,4,448,750,0,0,3,0,0,0,0,8,3,12
2014,4,448,820,0,0,2,5,2,0,0,10,8,12
2014,4,448,170,0,0,2,0,0,0,2,8,0,4
2014,4,448,450,0,0,0,1,0,0,0,5,0,3
2014,4,448,589,0,2,2,1,0,0,0,3,2,3
2014,4,448,129,0,0,0,0,0,0,0,0,0,2
2014,4,448,515,0,1,1,0,0,0,0,2,2,2
2014,4,448,1787,0,0,0,0,0,0,0,3,1,2
2014,4,448,549,0,0,0,2,0,0,0,6,4,1
2014,4,448,516,0,1,2,0,0,0,2,2,0,0
2014,4,448,754,0,3,0,0,0,0,0,7,0,0
2014,4,449,7000,6,108,5,11,40,0,0,25,16,195
2014,4,449,3700,0,2,1,5,0,0,0,19,4,33
2014,4,449,530,0,2,6,0,2,0,0,4,4,14
2014,4,449,870,0,12,0,7,0,0,0,8,2,13
2014,4,449,910,0,16,0,0,0,2,0,2,3,11
2014,4,449,116,0,27,0,0,0,0,0,0,0,9
2014,4,449,567,4,5,0,7,0,0,0,7,0,8
2014,4,449,200,0,14,0,0,0,0,0,0,0,7
2014,4,449,640,0,11,1,4,0,0,0,7,2,7
2014,4,449,388,0,7,0,0,0,0,0,3,0,6
2014,4,449,1174,0,12,0,0,0,0,0,6,10,6
2014,4,449,151,0,14,0,0,0,0,0,3,2,5
2014,4,449,21,0,2,0,0,0,0,0,0,1,4
2014,4,449,250,0,2,0,0,0,0,0,4,0,4
2014,4,449,294,0,1,0,1,0,0,0,6,3,4
2014,4,449,650,0,44,3,2,1,0,0,5,1,4
2014,4,449,80,0,4,0,0,0,0,0,0,0,3
2014,4,449,297,0,20,0,3,0,0,0,0,1,3
2014,4,449,630,0,4,0,0,0,0,0,1,0,3
2014,4,449,30,0,1,0,0,0,0,0,1,0,1
2014,4,449,315,0,0,0,0,0,0,0,5,0,1
2014,4,449,26,0,5,0,0,0,0,0,0,0,0
2014,4,449,116,0,0,0,0,0,0,0,1,0,0
2014,4,449,125,0,0,1,0,0,0,0,3,0,0
2014,4,449,200,0,0,0,0,0,0,0,6,0,0
2014,4,449,696,0,0,0,0,0,0,0,11,0,0
2014,4,449,700,0,0,0,6,0,0,0,0,0,0
2014,4,450,2200,0,35,1,6,0,0,0,17,12,65
2014,4,450,2002,0,79,1,9,21,3,0,12,22,53
2014,4,450,2002,5,102,0,9,8,0,0,7,16,43
2014,4,450,1720,0,31,0,9,55,0,0,10,14,26
2014,4,450,935,0,41,0,0,0,0,0,13,0,22
2014,4,450,259,0,8,0,1,25,0,0,0,0,15
2014,4,450,56,0,36,0,1,0,0,0,7,4,12
2014,4,450,230,0,14,0,2,0,0,0,7,5,12
2014,4,450,240,0,5,0,0,0,0,0,2,0,12
2014,4,450,273,0,16,0,0,0,0,0,2,4,10
2014,4,450,43,0,12,0,0,0,0,0,0,0,8
2014,4,450,1200,0,12,0,8,0,1,0,17,3,8
2014,4,450,360,0,26,0,0,0,0,0,2,2,6
2014,4,450,328,0,6,0,0,0,0,0,4,2,5
2014,4,450,580,0,39,0,0,0,0,0,2,3,5
2014,4,450,680,0,53,0,0,0,0,0,0,2,5
2014,4,450,90,0,2,0,0,0,0,0,0,0,4
2014,4,450,24,0,0,0,0,0,0,0,0,0,3
2014,4,450,100,0,13,0,0,0,0,0,0,0,3
2014,4,450,284,0,13,0,0,0,0,0,2,3,3
2014,4,450,400,0,2,0,1,0,0,0,6,0,3
2014,4,450,28,0,6,0,0,0,0,0,0,0,2
2014,4,450,90,0,3,0,0,0,0,0,0,1,2
2014,4,450,110,0,12,0,0,0,0,0,0,0,2
2014,4,450,137,0,13,0,0,0,0,0,1,1,2
2014,4,450,1050,0,4,0,0,0,0,0,9,3,2
2014,4,450,67,0,2,2,0,0,0,0,2,1,1
2014,4,450,250,0,10,0,0,0,0,0,1,0,1
2014,4,450,739,0,33,0,0,0,0,0,0,0,1
2014,4,450,20,0,21,0,1,0,0,0,1,0,0
2014,4,450,22,0,0,0,0,0,0,0,0,0,0
2014,4,450,36,0,1,0,0,0,0,0,0,0,0
2014,4,450,36,0,1,0,0,0,0,0,0,0,0
2014,4,450,37,0,6,0,1,0,0,0,0,2,0
2014,4,450,82,0,2,0,0,0,0,0,0,0,0
2014,4,450,148,0,15,0,0,0,0,0,2,0,0
2014,4,450,220,0,8,0,0,0,0,0,1,4,0
2014,4,450,320,0,5,0,0,0,0,0,5,0,0
2014,4,453,23564,29,558,11,42,50,43,30,104,90,273
2014,4,453,1132,0,25,0,0,0,0,0,9,0,20
2014,4,453,950,0,13,2,5,0,0,0,10,15,13
2014,4,453,822,0,13,1,0,3,0,0,5,3,9
2014,4,453,850,0,0,0,3,7,0,0,0,1,9
2014,4,453,195,3,6,2,8,0,0,0,0,4,8
2014,4,453,615,0,14,0,2,0,0,0,6,3,7
2014,4,453,795,0,40,1,2,0,0,0,8,7,7
2014,4,453,310,0,6,0,1,0,0,0,1,0,5
2014,4,453,850,0,14,0,0,0,0,0,9,0,5
2014,4,453,230,0,4,0,0,0,0,0,0,0,4
2014,4,453,450,0,19,0,0,150,0,0,0,6,4
2014,4,453,860,0,12,0,0,0,0,0,6,2,4
2014,4,453,210,0,0,0,0,0,0,0,1,0,3
2014,4,453,1104,0,42,2,2,0,1,0,2,2,3
2014,4,453,151,0,23,0,2,13,0,0,0,3,2
2014,4,453,160,0,5,0,4,0,0,0,4,4,2
2014,4,453,266,0,5,2,1,0,0,0,3,1,2
2014,4,453,1200,1,37,0,0,0,0,0,1,1,2
2014,4,453,151,0,4,2,0,0,0,0,2,2,1
2014,4,453,350,0,38,0,2,0,0,0,6,1,1
2014,4,453,350,0,38,0,2,1,0,0,6,1,1
2014,4,453,600,0,11,2,1,0,0,0,6,3,1
2014,4,453,58,0,0,0,0,0,0,0,0,0,0
2014,4,453,100,0,0,0,0,0,0,0,0,0,0
2014,4,453,120,0,4,0,0,0,0,0,0,0,0
2014,4,453,198,0,5,0,6,0,0,0,1,1,0
2014,4,453,254,0,15,0,1,0,0,0,0,1,0
2014,4,454,10838,8,33,0,14,49,0,0,35,8,86
2014,4,454,1520,0,4,3,4,0,0,0,8,12,29
2014,4,454,390,0,1,3,2,0,0,0,2,5,10
2014,4,454,140,0,0,0,1,0,0,0,0,1,9
2014,4,454,783,0,2,3,4,0,0,0,6,11,7
2014,4,454,1010,2,6,0,0,0,0,0,3,2,7
2014,4,454,50,0,0,1,4,0,0,15,1,1,6
2014,4,454,300,0,0,0,0,0,0,0,7,0,6
2014,4,454,420,0,0,0,0,0,0,0,9,1,6
2014,4,454,432,0,1,0,0,0,0,0,1,0,6
2014,4,454,275,0,0,0,4,0,0,0,4,0,5
2014,4,454,102,0,0,0,2,0,0,0,2,0,3
2014,4,454,350,0,0,1,0,0,0,0,5,2,3
2014,4,454,635,0,0,1,0,0,0,2,7,1,3
2014,4,454,1000,0,0,4,0,0,0,0,3,2,3
2014,4,454,122,0,1,0,0,0,0,0,0,1,2
2014,4,454,180,0,0,0,0,0,0,0,5,0,1
2014,4,454,345,0,1,0,0,0,0,0,4,1,1
2014,4,454,825,2,1,1,2,0,0,0,10,0,1
2014,4,454,16,0,0,0,0,0,0,0,0,0,0
2014,4,454,472,0,0,1,0,0,0,0,4,1,0
2014,4,454,20883,0,0,0,0,0,0,0,0,0,0
2014,4,455,4664,3,13,4,25,0,0,0,25,39,106
2014,4,455,2234,0,0,5,1,0,0,0,25,4,24
2014,4,455,1379,0,2,4,1,0,0,0,18,8,12
2014,4,455,1811,0,0,0,0,0,0,0,2,0,10
2014,4,455,445,0,0,0,0,0,0,0,4,1,9
2014,4,455,755,0,0,0,5,0,0,0,2,2,9
2014,4,455,840,0,0,1,0,0,0,0,4,2,9
2014,4,455,250,0,0,0,0,10,0,0,0,0,8
2014,4,455,425,0,0,0,1,0,0,0,6,1,8
2014,4,455,1012,1,0,2,5,0,0,0,9,4,8
2014,4,455,509,0,0,0,0,0,0,0,4,3,7
2014,4,455,425,0,0,0,0,0,0,0,1,0,5
2014,4,455,150,0,0,0,0,0,0,0,2,1,4
2014,4,455,503,0,8,0,0,10,0,0,1,1,2
2014,4,455,246,0,0,0,0,0,0,0,2,0,1
2014,4,455,430,0,0,0,0,0,0,0,4,1,1
2014,4,455,64,0,0,0,0,0,0,0,0,5,0
2014,4,455,175,0,0,0,0,0,0,0,0,0,0
2014,4,455,300,0,0,0,0,0,0,0,4,1,0
2014,4,455,378,0,0,0,0,0,0,0,3,0,0
2014,4,455,430,0,1,0,0,0,0,0,3,0,0
2014,4,455,598,0,0,0,1,7,0,0,3,3,0
2014,4,456,280,0,0,0,0,0,0,0,4,4,37
2014,4,456,6000,11,0,13,7,0,0,0,15,6,28
2014,4,456,538,0,0,1,4,0,0,0,11,12,27
2014,4,456,1284,0,0,0,2,0,0,4,4,1,19
2014,4,456,2516,2,2,1,0,0,0,0,14,2,18
2014,4,456,427,0,0,5,5,0,0,0,4,1,17
2014,4,456,580,0,1,0,1,0,0,0,12,3,14
2014,4,456,204,0,0,0,0,0,0,0,1,0,12
2014,4,456,402,0,0,0,0,0,0,0,8,0,12
2014,4,456,1140,6,0,2,3,0,0,0,4,3,12
2014,4,456,1400,2,0,3,3,0,0,0,6,8,12
2014,4,456,1040,0,14,1,3,0,0,3,12,5,11
2014,4,456,522,0,0,0,2,0,0,0,4,1,10
2014,4,456,750,0,5,4,1,0,0,0,11,0,9
2014,4,456,392,0,0,0,1,0,0,0,6,5,8
2014,4,456,700,0,0,0,0,0,0,0,7,0,8
2014,4,456,355,0,0,0,3,0,0,0,7,0,7
2014,4,456,550,0,9,0,0,0,0,0,8,0,7
2014,4,456,400,0,0,0,0,0,0,0,4,0,6
2014,4,456,737,0,2,0,1,10,0,0,6,4,6
2014,4,456,356,0,5,0,0,0,0,0,5,3,5
2014,4,456,580,0,0,1,0,0,0,0,3,2,5
2014,4,456,1500,0,0,0,0,0,0,0,9,0,5
2014,4,456,324,0,2,0,0,0,0,0,4,2,4
2014,4,456,500,0,0,0,0,0,0,0,7,4,4
2014,4,456,520,0,0,0,9,0,0,0,19,6,4
2014,4,456,220,0,0,0,0,0,0,0,4,0,3
2014,4,456,280,0,1,0,0,0,0,0,2,0,3
2014,4,456,495,0,0,1,2,0,0,0,3,1,3
2014,4,456,558,0,0,3,3,0,1,0,6,3,3
2014,4,456,1240,0,0,0,0,0,0,0,5,0,3
2014,4,456,2400,0,0,3,2,0,0,0,11,13,3
2014,4,456,33,0,1,0,0,0,0,0,1,2,2
2014,4,456,45,0,0,0,1,0,0,0,0,3,2
2014,4,456,129,0,0,1,0,0,0,0,4,0,2
2014,4,456,241,0,0,1,2,2,0,0,12,2,2
2014,4,456,454,0,0,1,3,2,0,0,3,0,2
2014,4,456,530,0,0,0,0,0,0,0,2,0,2
2014,4,456,540,2,0,0,0,0,0,0,1,0,2
2014,4,456,38,0,0,0,0,0,0,0,0,0,1
2014,4,456,183,0,0,0,0,0,0,0,1,0,1
2014,4,456,223,0,5,0,0,0,0,0,0,0,1
2014,4,456,585,0,0,0,3,0,0,0,2,1,1
2014,4,456,684,0,0,1,0,0,0,0,4,0,1
2014,4,456,75,0,3,0,0,0,0,0,3,0,0
2014,4,456,140,0,0,0,0,0,0,0,3,0,0
2014,4,456,324,0,0,0,0,0,0,0,0,0,0
2014,4,456,705,0,0,0,0,0,0,0,0,0,0
2014,4,758,8600,9,141,5,42,71,0,0,70,46,299
2014,4,758,6100,1,24,2,24,10,0,1,68,34,173
2014,4,758,6200,1,22,2,21,21,0,0,105,29,106
2014,4,758,450,0,5,0,0,0,0,0,8,0,35
2014,4,758,920,0,6,0,2,0,0,0,5,4,29
2014,4,758,1940,0,4,0,0,0,0,0,10,1,19
2014,4,758,750,0,14,0,5,10,0,0,6,3,13
2014,4,758,950,0,18,3,8,0,0,0,1,6,12
2014,4,758,700,0,1,2,3,0,0,0,3,0,9
2014,4,758,912,0,0,0,4,0,0,0,12,7,9
2014,4,758,400,0,0,0,0,0,0,0,13,4,8
2014,4,758,475,0,0,2,0,0,0,0,3,1,7
2014,4,758,433,0,1,0,0,0,0,0,3,0,6
2014,4,758,244,0,23,4,1,0,0,0,0,0,4
2014,4,758,277,0,2,0,0,0,0,0,3,2,3
2014,4,758,300,3,0,0,0,0,0,0,3,0,3
2014,4,758,650,0,10,0,0,0,0,0,12,3,3
2014,4,758,690,0,0,0,0,0,0,0,3,16,3
2014,4,758,26,0,0,0,0,0,0,0,0,0,2
2014,4,758,348,0,1,0,0,0,0,0,0,0,2
2014,4,758,272,0,1,0,0,0,0,0,2,0,1
2014,4,758,400,0,3,0,2,0,0,0,0,1,1
2014,4,758,450,0,30,0,0,0,0,0,1,0,1
2014,4,758,8,0,0,0,0,0,0,0,0,0,0
2014,4,758,22,0,0,0,0,0,0,0,0,0,0
2014,4,758,460,0,4,0,1,0,0,0,1,0,0
2014,4,758,590,0,0,0,0,0,0,0,3,0,0
2014,4,759,1075,2,0,0,3,0,0,0,3,2,17
2014,4,759,900,0,2,0,0,0,0,0,2,0,11
2014,4,759,500,0,30,0,0,0,0,0,0,7,7
2014,4,759,1150,0,18,0,0,0,0,0,1,0,6
2014,4,759,1003,0,2,0,0,0,0,0,6,3,3
2014,4,759,266,0,6,2,2,0,0,0,6,3,1
2014,4,759,171,0,5,0,0,0,0,0,0,1,0
2014,4,759,191,0,0,0,0,0,0,0,3,0,0
2014,4,759,778,0,0,0,3,0,0,0,3,1,0
2015,4,448,700,0,1,3,3,15,2,2,5,3,16
2015,4,448,8900,0,0,0,0,0,0,0,14,12,14
2015,4,448,376,0,1,0,3,0,0,0,0,1,10
2015,4,448,750,0,0,0,0,0,0,0,9,2,10
2015,4,448,589,0,1,0,1,0,0,0,3,0,8
2015,4,448,754,0,3,0,0,0,0,0,4,0,5
2015,4,448,516,0,4,6,0,0,0,0,4,1,4
2015,4,448,480,0,0,0,0,0,0,0,3,4,3
2015,4,448,170,0,0,3,8,0,0,4,3,1,2
2015,4,448,474,0,4,0,0,0,0,0,3,8,2
2015,4,448,515,0,2,0,0,0,0,0,1,0,2
2015,4,448,1787,0,0,0,0,0,0,0,2,0,2
2015,4,448,750,0,0,0,1,0,0,0,5,6,1
2015,4,448,50,0,0,1,0,0,0,0,3,2,0
2015,4,448,379,0,0,0,0,0,0,0,4,4,0
2015,4,448,500,0,0,0,0,0,0,0,2,0,0
2015,4,448,1000,0,0,0,0,0,0,0,0,0,0
2015,4,449,7000,0,94,16,19,50,10,0,23,20,165
2015,4,449,749,0,13,0,0,0,0,0,0,0,34
2015,4,449,3089,0,3,0,2,0,0,0,1,1,23
2015,4,449,567,0,0,0,3,0,0,0,3,2,13
2015,4,449,1174,0,10,1,0,0,0,0,6,2,12
2015,4,449,640,0,9,0,0,0,0,0,7,1,11
2015,4,449,200,0,16,0,0,0,0,0,0,0,8
2015,4,449,530,0,7,0,1,1,0,0,1,1,8
2015,4,449,860,0,9,0,1,0,0,0,10,2,7
2015,4,449,151,0,16,0,0,0,0,0,1,0,6
2015,4,449,315,0,0,1,0,0,0,0,7,3,6
2015,4,449,685,0,0,0,0,0,0,0,3,0,4
2015,4,449,388,0,11,1,0,0,0,0,4,0,2
2015,4,449,630,0,7,0,0,0,0,0,3,0,2
2015,4,449,696,0,0,0,0,0,0,0,3,0,2
2015,4,449,294,0,0,0,0,0,0,0,5,3,1
2015,4,449,85,0,3,0,0,0,0,0,0,0,0
2015,4,449,120,0,0,0,0,0,0,0,0,0,0
2015,4,449,196,0,0,0,0,0,0,0,0,0,0
2015,4,449,200,0,2,0,0,0,0,0,1,0,0
2015,4,449,750,0,0,0,0,0,0,0,0,0,0
2015,4,450,2002,2,109,9,10,0,5,0,10,15,71
2015,4,450,2240,5,108,0,39,53,11,0,8,22,51
2015,4,450,1550,0,112,0,5,0,0,0,6,30,36
2015,4,450,2200,2,48,0,3,7,0,0,11,8,30
2015,4,450,259,0,12,0,2,10,0,0,0,4,24
2015,4,450,300,0,22,4,2,0,0,0,8,3,22
2015,4,450,1760,0,89,0,11,65,0,0,15,13,21
2015,4,450,273,0,29,0,0,0,0,0,2,1,18
2015,4,450,1200,0,6,0,8,0,1,0,15,5,18
2015,4,450,55,0,62,0,0,0,0,0,6,2,15
2015,4,450,209,0,3,1,0,0,0,0,2,0,13
2015,4,450,240,0,7,0,0,0,0,0,1,0,13
2015,4,450,680,0,53,0,0,0,0,0,0,1,9
2015,4,450,745,0,4,1,5,0,0,0,1,1,8
2015,4,450,507,0,35,0,0,0,0,0,0,0,7
2015,4,450,43,0,8,0,1,0,0,0,0,0,6
2015,4,450,128,0,10,0,2,0,0,0,0,3,6
2015,4,450,653,0,30,2,0,0,0,0,2,1,5
2015,4,450,305,0,17,0,0,0,0,0,4,1,4
2015,4,450,600,0,1,0,0,0,0,0,6,6,4
2015,4,450,60,0,5,0,0,0,0,0,0,0,3
2015,4,450,330,0,45,0,0,0,0,0,0,0,3
2015,4,450,739,0,28,0,0,0,0,0,0,0,3
2015,4,450,79,0,5,0,0,0,0,0,0,0,2
2015,4,450,107,1,0,0,1,0,0,0,2,1,2
2015,4,450,357,0,2,0,4,0,0,0,5,6,2
2015,4,450,90,0,1,0,0,0,0,0,1,4,1
2015,4,450,600,0,63,0,0,0,0,0,4,2,1
2015,4,450,1050,0,5,0,0,0,0,0,7,2,1
2015,4,450,23,0,1,0,0,0,0,0,0,0,0
2015,4,450,37,0,4,0,0,0,0,0,1,1,0
2015,4,450,75,0,1,0,3,2,0,1,2,2,0
2015,4,450,80,0,2,0,0,0,0,0,1,2,0
2015,4,450,82,0,1,0,0,0,0,0,0,0,0
2015,4,450,220,0,14,0,0,0,0,0,2,3,0
2015,4,450,220,0,7,0,0,0,0,0,0,2,0
2015,4,450,285,0,0,0,0,0,0,0,0,0,0
2015,4,450,336,0,4,0,0,0,0,0,9,2,0
2015,4,450,600,0,65,0,0,0,0,0,2,0,0
2015,4,453,15894,36,642,23,0,91,0,43,114,83,321
2015,4,453,835,0,21,1,0,0,0,0,10,3,17
2015,4,453,950,0,11,0,1,0,0,0,13,5,13
2015,4,453,160,1,6,0,2,0,0,0,0,2,11
2015,4,453,342,0,30,0,0,1,0,0,9,2,11
2015,4,453,856,2,54,0,0,0,0,0,16,5,11
2015,4,453,310,0,4,0,0,0,0,0,1,0,8
2015,4,453,850,0,14,0,0,0,0,0,6,1,8
2015,4,453,615,1,14,0,0,0,0,0,8,2,4
2015,4,453,850,0,24,0,3,10,0,0,2,1,4
2015,4,453,213,0,2,0,0,0,0,0,1,0,3
2015,4,453,1300,2,39,0,0,0,0,0,0,0,3
2015,4,453,254,0,13,0,1,0,0,0,1,2,2
2015,4,453,450,0,29,0,1,100,0,0,1,7,2
2015,4,453,223,0,5,0,0,0,0,0,0,0,1
2015,4,453,1104,0,45,0,0,0,0,0,0,3,1
2015,4,453,40,0,2,0,0,0,0,0,0,0,0
2015,4,453,54,0,0,0,0,0,0,0,0,0,0
2015,4,453,56,0,2,0,0,0,0,0,0,0,0
2015,4,454,11995,5,40,3,24,4,0,0,51,30,106
2015,4,454,2820,0,39,2,5,0,0,0,21,7,36
2015,4,454,1520,0,0,3,3,0,0,0,5,10,35
2015,4,454,980,0,6,1,2,0,0,0,3,3,20
2015,4,454,394,0,1,2,3,0,0,0,3,3,15
2015,4,454,342,0,6,0,0,0,0,0,2,1,12
2015,4,454,780,0,4,0,3,75,0,0,8,3,10
2015,4,454,349,0,3,0,5,3,0,2,2,3,9
2015,4,454,330,0,1,0,1,0,0,0,2,1,8
2015,4,454,380,2,5,0,1,0,0,0,9,6,8
2015,4,454,420,0,2,0,1,0,0,0,1,1,8
2015,4,454,443,1,2,0,1,0,0,0,7,2,7
2015,4,454,600,0,0,0,0,0,0,0,0,0,7
2015,4,454,320,0,2,0,7,15,0,0,5,0,6
2015,4,454,330,0,0,2,0,0,0,0,3,0,6
2015,4,454,350,0,1,0,0,0,0,0,3,0,6
2015,4,454,1010,1,0,0,0,0,0,0,2,0,6
2015,4,454,67,0,2,0,0,0,0,0,4,0,5
2015,4,454,1627,0,11,0,5,0,0,0,16,6,5
2015,4,454,102,0,0,0,0,0,0,0,4,0,3
2015,4,454,635,0,0,1,0,2,0,0,8,3,3
2015,4,454,990,0,0,3,0,0,0,0,5,1,3
2015,4,454,50,0,0,0,0,0,0,0,0,0,2
2015,4,454,534,0,1,0,0,0,0,0,4,2,2
2015,4,454,825,1,3,0,0,0,0,0,6,0,2
2015,4,454,1112,0,0,0,0,0,0,0,4,6,2
2015,4,454,280,0,0,0,0,0,0,0,0,3,0
2015,4,454,345,0,3,0,0,0,0,0,3,1,0
2015,4,454,472,0,0,1,0,0,0,0,2,1,0
2015,4,455,4000,5,9,1,21,0,0,0,47,48,138
2015,4,455,2164,0,1,10,1,0,0,0,9,10,25
2015,4,455,650,0,4,0,1,0,0,0,6,0,23
2015,4,455,550,0,0,0,1,0,0,0,2,1,14
2015,4,455,747.7,0,0,2,0,0,0,0,6,1,12
2015,4,455,755,0,0,2,8,0,0,0,0,5,9
2015,4,455,425,0,0,0,0,0,0,0,0,0,8
2015,4,455,478,0,0,0,0,0,0,0,5,5,7
2015,4,455,454,0,0,0,0,0,0,0,4,1,6
2015,4,455,430,0,1,0,0,0,0,0,13,1,4
2015,4,455,598,0,0,0,1,4,0,0,2,5,4
2015,4,455,250,0,0,0,0,0,0,0,2,0,2
2015,4,455,310,0,0,0,0,0,0,0,3,3,1
2015,4,455,339,0,0,0,0,0,0,0,0,0,1
2015,4,455,175,0,0,0,0,0,0,0,0,1,0
2015,4,455,211,0,0,0,0,0,0,0,8,0,0
2015,4,455,282,0,3,0,0,0,0,0,3,0,0
2015,4,456,1400,0,20,15,0,0,0,0,19,0,240
2015,4,456,1400,2,38,0,11,0,0,0,12,5,52
2015,4,456,1900,5,0,7,3,15,0,0,16,20,47
2015,4,456,500,0,0,2,5,0,0,0,10,7,20
2015,4,456,902,1,1,7,5,0,0,0,6,4,20
2015,4,456,1400,2,0,3,5,0,0,0,4,6,17
2015,4,456,1146,0,0,1,2,0,0,0,14,5,15
2015,4,456,1692,0,0,0,0,0,0,0,1,0,14
2015,4,456,558,5,0,2,1,0,0,0,5,7,13
2015,4,456,151,2,0,0,4,0,0,0,3,0,12
2015,4,456,278,0,7,0,0,0,0,0,1,2,12
2015,4,456,427,0,7,8,17,0,0,0,3,1,12
2015,4,456,96,0,2,0,2,0,6,3,2,5,11
2015,4,456,1140,0,1,0,1,0,0,0,6,12,11
2015,4,456,1284,0,0,0,2,0,0,0,5,12,11
2015,4,456,2516,3,6,0,1,0,0,0,21,1,11
2015,4,456,522,1,0,0,2,0,0,0,7,2,10
2015,4,456,670,0,13,0,4,0,0,0,6,4,10
2015,4,456,100,0,3,0,0,0,0,0,2,0,8
2015,4,456,120,0,0,0,0,0,2,0,0,3,8
2015,4,456,820,1,0,3,0,0,0,0,3,1,8
2015,4,456,580,0,1,1,3,0,0,0,2,6,7
2015,4,456,1000,0,0,0,0,0,0,0,18,2,7
2015,4,456,129,0,0,1,1,0,0,0,2,0,6
2015,4,456,35,0,0,0,0,0,0,0,0,0,4
2015,4,456,242,0,0,1,2,0,0,0,6,3,4
2015,4,456,454,0,0,1,3,2,0,0,1,3,4
2015,4,456,602,0,0,0,0,0,0,0,5,1,4
2015,4,456,684,1,0,2,2,0,0,0,5,0,4
2015,4,456,2400,0,0,2,1,0,0,0,8,2,4
2015,4,456,38,0,0,0,0,0,0,0,1,1,3
2015,4,456,45,0,0,0,0,0,0,0,2,2,3
2015,4,456,177,0,0,0,2,5,0,0,4,4,3
2015,4,456,400,0,0,0,0,0,0,0,3,0,3
2015,4,456,400,0,3,0,0,0,0,0,7,2,3
2015,4,456,575,0,0,0,0,0,0,0,3,0,3
2015,4,456,596,0,0,0,0,0,0,0,2,0,3
2015,4,456,511,0,0,3,0,0,0,0,6,1,2
2015,4,456,540,0,0,0,0,0,0,0,1,0,2
2015,4,456,5,0,0,0,0,0,0,0,0,0,1
2015,4,456,134,0,0,0,2,0,0,0,0,4,1
2015,4,456,210,0,5,0,0,0,0,0,0,0,1
2015,4,456,320,0,0,0,0,0,0,0,1,0,1
2015,4,456,615,0,1,0,1,0,0,0,0,0,1
2015,4,456,10,0,0,0,0,0,0,0,0,0,0
2015,4,456,14,0,0,0,0,0,0,0,1,0,0
2015,4,456,50,0,0,0,0,0,0,0,1,0,0
2015,4,456,133,0,0,1,4,0,0,0,4,0,0
2015,4,456,137,0,0,0,0,0,0,0,0,0,0
2015,4,456,197,0,0,0,0,0,0,0,0,0,0
2015,4,758,6100,3,40,1,11,0,0,0,59,31,125
2015,4,758,6200,0,11,3,14,9,0,0,87,20,85
2015,4,758,900,0,26,1,9,0,0,0,1,6,23
2015,4,758,471,0,2,0,0,0,0,0,0,0,19
2015,4,758,1941,2,6,0,0,0,0,0,12,4,18
2015,4,758,612.5,0,0,0,0,0,0,0,0,0,17
2015,4,758,380,0,1,3,0,0,0,0,1,5,16
2015,4,758,700,3,1,6,2,1,0,0,0,0,13
2015,4,758,263,0,2,0,0,0,0,0,4,3,9
2015,4,758,355,1,0,0,0,0,0,0,8,0,9
2015,4,758,272,0,4,0,0,0,0,0,0,0,8
2015,4,758,550,0,8,0,0,0,0,0,1,2,8
2015,4,758,330,0,4,0,0,1,0,0,4,2,6
2015,4,758,690,0,0,0,0,0,0,4,9,13,5
2015,4,758,247,0,32,0,1,0,0,0,2,0,3
2015,4,758,278,0,2,3,1,0,0,0,5,2,3
2015,4,758,140,1,0,0,0,0,0,0,10,0,1
2015,4,758,8,0,0,0,0,0,0,0,0,0,0
2015,4,758,230,0,0,0,0,0,0,0,0,0,0
2015,4,759,736,0,3,0,2,0,0,0,2,6,20
2015,4,759,1150,0,21,0,0,0,0,0,4,1,11
2015,4,759,950,1,4,2,3,0,0,0,4,5,7
2015,4,759,400,0,0,1,0,0,0,0,17,4,5
2015,4,759,1003,0,0,0,0,0,0,0,10,6,5
2015,4,759,115,0,4,0,0,0,0,0,4,0,0
2015,4,759,191,0,0,0,0,0,0,0,0,0,0
2015,4,759,223,0,9,0,0,0,0,0,0,0,0
2016,4,448,674,0,4,4,3,0,0,0,6,3,16
2016,4,448,750,0,0,0,0,0,0,0,22,1,14
2016,4,448,850,0,0,0,0,0,0,0,0,1,8
2016,4,448,380,0,6,0,0,0,0,0,6,0,6
2016,4,448,250,0,0,0,0,0,0,0,4,0,5
2016,4,448,450,0,0,0,0,0,0,0,1,1,5
2016,4,448,467,0,0,0,1,0,0,0,3,0,4
2016,4,448,495,0,2,2,2,0,0,0,7,1,4
2016,4,448,754,0,1,0,0,0,0,0,9,0,3
2016,4,448,205,0,0,0,0,0,0,0,1,0,2
2016,4,448,243,0,1,0,0,0,0,0,0,0,2
2016,4,448,696,0,1,0,0,0,0,0,3,0,2
2016,4,448,17,0,0,0,0,0,0,0,1,0,1
2016,4,448,90,0,1,0,0,0,0,0,2,0,1
2016,4,448,173,0,0,0,0,0,0,0,1,0,1
2016,4,448,375,0,0,1,6,0,0,0,4,3,1
2016,4,448,5,0,0,0,0,0,0,0,0,0,0
2016,4,448,8,0,0,0,0,0,0,0,0,0,0
2016,4,448,10,0,0,0,0,0,0,0,0,0,0
2016,4,448,18,0,0,0,2,0,0,0,0,1,0
2016,4,448,19,0,0,0,0,0,0,0,0,0,0
2016,4,448,23,0,0,0,0,0,0,0,0,0,0
2016,4,448,41,0,0,0,0,0,0,0,0,0,0
2016,4,448,46,0,0,0,0,0,0,0,0,0,0
2016,4,448,51,0,0,0,0,0,0,0,0,0,0
2016,4,448,57,0,0,0,0,0,0,0,0,0,0
2016,4,448,57,0,0,0,0,0,0,0,2,0,0
2016,4,448,58,0,0,0,0,0,0,0,0,0,0
2016,4,448,71,0,0,0,0,0,0,0,0,0,0
2016,4,448,103,0,0,0,0,0,0,0,0,0,0
2016,4,448,135,0,0,0,0,0,0,0,0,0,0
2016,4,448,146,0,0,0,0,0,0,0,3,0,0
2016,4,448,149,0,0,0,0,0,0,0,5,0,0
2016,4,448,162,0,0,0,0,0,0,0,0,0,0
2016,4,448,167,0,0,2,3,0,2,0,3,3,0
2016,4,448,185,0,0,0,0,0,0,0,0,0,0
2016,4,448,194,0,0,0,0,0,0,0,0,0,0
2016,4,448,211,0,0,0,0,0,0,0,0,0,0
2016,4,448,263,0,0,0,0,0,0,0,2,0,0
2016,4,448,280,0,0,0,0,0,0,0,2,0,0
2016,4,448,369,0,0,0,0,0,0,0,0,0,0
2016,4,448,468,0,0,0,0,0,0,0,0,0,0
2016,4,448,517,0,0,0,0,0,0,0,0,0,0
2016,4,448,549,0,0,0,0,0,0,0,2,0,0
2016,4,448,549,0,0,0,0,0,0,0,0,0,0
2016,4,448,550,0,0,0,0,0,0,0,0,0,0
2016,4,448,600,0,0,0,0,0,0,0,0,0,0
2016,4,448,633,0,0,0,0,0,0,0,0,0,0
2016,4,448,674,0,2,0,0,0,0,0,4,0,0
2016,4,448,698,0,0,0,0,0,0,0,0,0,0
2016,4,448,752,0,0,0,0,0,0,0,0,0,0
2016,4,448,909,0,0,0,0,0,0,0,6,0,0
2016,4,448,1787,0,0,0,0,0,0,0,0,0,0
2016,4,449,13342,2,74,14,40,91,0,4,90,41,244
2016,4,449,7000,0,134,28,47,90,16,0,31,28,193
2016,4,449,628,0,6,0,2,2,0,0,7,0,16
2016,4,449,540,0,5,0,0,0,0,0,1,2,12
2016,4,449,685,0,0,0,0,0,0,0,5,1,7
2016,4,449,270,0,0,0,0,0,0,0,0,0,5
2016,4,449,116,0,28,0,0,0,0,0,0,0,3
2016,4,449,315,0,1,0,0,0,0,0,5,6,3
2016,4,449,441,0,1,0,0,0,0,0,1,1,3
2016,4,449,74,0,0,0,0,0,0,0,0,7,1
2016,4,449,90,0,1,0,0,0,0,0,0,0,1
2016,4,449,190,0,0,0,0,0,0,0,1,0,1
2016,4,449,630,0,7,0,0,0,0,0,3,0,1
2016,4,449,39,0,0,0,0,0,0,0,0,0,0
2016,4,449,44,0,1,0,0,0,0,0,0,0,0
2016,4,449,89,0,3,0,0,0,0,0,0,0,0
2016,4,449,125,0,13,0,0,0,0,0,1,0,0
2016,4,449,870,0,0,0,0,0,0,0,0,0,0
2016,4,450,2002,0,73,7,9,0,13,0,18,18,88
2016,4,450,2002,3,117,0,23,90,0,0,6,21,41
2016,4,450,600,0,162,0,0,0,0,0,2,29,28
2016,4,450,1760,0,96,0,11,0,0,0,14,13,27
2016,4,450,273,0,32,0,0,0,0,0,0,0,25
2016,4,450,1200,0,15,0,3,0,3,0,16,3,16
2016,4,450,357,0,6,0,0,0,0,0,1,1,12
2016,4,450,953,0,50,0,0,0,0,0,5,0,10
2016,4,450,800,0,5,0,16,6,0,0,7,11,9
2016,4,450,670,0,67,0,0,0,0,0,1,1,8
2016,4,450,712,0,84,0,0,0,0,0,3,3,8
2016,4,450,240,0,5,0,0,0,0,0,0,0,7
2016,4,450,160,0,6,0,1,0,0,0,1,2,5
2016,4,450,305,0,17,0,1,0,0,0,6,4,4
2016,4,450,75,0,1,0,4,0,0,0,0,0,3
2016,4,450,202,0,22,1,0,0,0,0,0,2,3
2016,4,450,585,0,5,0,0,0,0,0,5,0,3
2016,4,450,33,0,4,0,0,0,0,0,0,0,1
2016,4,450,90,0,4,0,0,0,0,0,0,0,1
2016,4,450,200,0,0,0,0,0,0,0,0,0,1
2016,4,450,20,0,7,0,0,0,0,0,0,0,0
2016,4,450,22,0,2,0,0,0,0,0,0,0,0
2016,4,450,26,0,4,0,0,0,0,0,1,0,0
2016,4,450,27,0,0,0,0,0,0,0,0,0,0
2016,4,450,37,0,3,0,0,0,0,0,0,0,0
2016,4,450,43,0,0,0,0,0,0,0,0,0,0
2016,4,450,55,0,1,0,0,0,0,0,0,0,0
2016,4,450,82,0,0,0,0,0,0,0,0,0,0
2016,4,450,86,0,1,0,1,0,0,0,2,1,0
2016,4,450,105,0,12,0,0,0,0,0,0,0,0
2016,4,450,285,0,0,0,0,0,0,0,0,0,0
2016,4,450,360,0,9,0,0,0,0,0,2,2,0
2016,4,450,507,0,2,0,0,0,0,0,0,0,0
2016,4,450,669,0,29,2,4,0,0,0,7,3,0
2016,4,450,815,0,101,0,0,0,0,0,0,0,0
2016,4,453,23564,25,364,20,28,74,0,15,62,52,154
2016,4,453,890,0,26,5,1,0,0,0,8,3,29
2016,4,453,1861,0,242,0,25,0,0,0,4,16,23
2016,4,453,691,0,10,0,8,0,0,0,2,1,22
2016,4,453,420,0,9,0,0,0,0,0,0,0,9
2016,4,453,590,0,5,0,0,0,0,0,7,1,9
2016,4,453,863,0,14,2,9,0,0,0,16,8,9
2016,4,453,120,3,0,0,0,0,0,0,1,0,8
2016,4,453,410,1,3,0,0,0,0,0,5,0,8
2016,4,453,440,0,18,0,0,0,0,0,0,7,8
2016,4,453,200,0,5,0,6,2,0,0,0,1,7
2016,4,453,728,0,27,0,0,0,0,0,5,0,6
2016,4,453,856,0,60,0,2,0,0,0,12,5,6
2016,4,453,151,0,19,0,0,0,0,0,0,2,4
2016,4,453,156,0,5,0,0,0,0,0,4,0,4
2016,4,453,635,0,14,0,2,0,0,0,6,5,3
2016,4,453,1104,0,63,0,5,0,0,0,2,4,3
2016,4,453,108,0,0,0,0,0,0,0,0,0,2
2016,4,453,303,0,6,0,0,0,0,0,1,0,2
2016,4,453,57,0,2,0,0,0,0,0,0,0,1
2016,4,453,254,0,12,0,8,0,0,0,1,5,1
2016,4,453,329,0,0,0,0,0,0,0,4,0,1
2016,4,453,28,0,0,0,0,0,0,0,0,0,0
2016,4,453,43,0,1,0,0,0,0,0,0,0,0
2016,4,453,139,0,3,0,0,0,0,0,0,0,0
2016,4,453,160,0,0,0,0,0,0,0,0,0,0
2016,4,453,200,0,0,0,0,0,0,0,2,0,0
2016,4,453,255,0,4,0,0,0,0,0,0,0,0
2016,4,453,343,0,10,0,0,0,0,0,0,0,0
2016,4,453,470,0,1,0,0,0,0,0,0,0,0
2016,4,453,672,0,10,5,5,0,0,0,12,4,0
2016,4,453,914,0,5,0,0,0,0,0,1,1,0
2016,4,454,11950,1,35,3,34,1,0,2,72,39,192
2016,4,454,647,4,15,2,0,0,0,0,22,9,49
2016,4,454,1771,0,0,1,7,0,0,0,13,9,28
2016,4,454,988,0,20,3,0,0,0,0,2,5,25
2016,4,454,330,0,0,0,9,0,0,6,1,1,20
2016,4,454,226,0,5,0,0,0,0,0,5,11,16
2016,4,454,129,0,0,1,1,0,0,0,3,1,13
2016,4,454,770,0,4,2,3,50,0,0,13,7,10
2016,4,454,1034,2,0,0,0,0,0,0,1,0,8
2016,4,454,1412,0,0,0,0,0,0,0,8,2,8
2016,4,454,134,0,1,0,0,0,0,0,4,0,7
2016,4,454,373,0,1,0,0,0,0,0,2,0,7
2016,4,454,447,1,1,1,1,5,0,0,9,3,7
2016,4,454,1034,1,0,0,0,0,0,0,1,0,7
2016,4,454,342,0,4,0,0,0,0,0,2,0,6
2016,4,454,1010,1,0,0,0,0,0,0,1,0,6
2016,4,454,1006,0,1,3,0,0,0,0,8,1,4
2016,4,454,349,0,0,0,0,0,0,0,3,3,3
2016,4,454,345,0,3,0,0,0,0,0,6,1,2
2016,4,454,382,0,3,0,0,0,0,0,1,0,2
2016,4,454,301,1,0,0,2,0,0,0,1,2,1
2016,4,454,510,0,0,0,0,0,0,0,0,0,1
2016,4,454,1625,0,0,0,0,0,0,0,0,0,1
2016,4,454,39,0,0,0,0,0,0,0,0,0,0
2016,4,454,74,0,0,0,0,0,0,0,2,0,0
2016,4,454,76,0,0,0,0,0,0,0,0,0,0
2016,4,454,113,1,0,0,0,0,0,0,8,0,0
2016,4,454,117,0,0,0,0,0,0,0,0,0,0
2016,4,454,121,0,0,0,0,0,0,0,0,0,0
2016,4,454,136,0,0,0,0,0,0,0,0,0,0
2016,4,454,162,0,0,0,0,0,0,0,0,0,0
2016,4,454,278,0,0,0,0,0,0,0,0,0,0
2016,4,454,309,0,0,0,0,0,0,0,0,0,0
2016,4,454,331,0,0,0,0,0,0,0,0,0,0
2016,4,454,365,0,0,0,0,0,0,0,0,0,0
2016,4,454,432,0,0,0,0,0,0,0,0,0,0
2016,4,454,534,0,0,0,0,0,0,0,0,0,0
2016,4,454,574,0,0,0,0,0,0,0,0,0,0
2016,4,454,589,0,0,0,0,0,0,0,0,0,0
2016,4,454,615,0,0,0,0,0,0,0,0,0,0
2016,4,454,630,0,0,0,0,0,0,0,0,0,0
2016,4,454,677,0,0,0,0,0,0,0,0,0,0
2016,4,454,691,0,0,0,0,0,0,0,0,0,0
2016,4,454,814,0,0,0,0,0,0,0,0,0,0
2016,4,454,1002,0,0,0,0,0,0,0,0,0,0
2016,4,454,1627,0,0,0,0,0,0,0,0,0,0
2016,4,454,1868,0,0,0,0,0,0,0,0,0,0
2016,4,454,2820,0,0,0,0,0,0,0,0,0,0
2016,4,455,2195,6,9,1,26,0,0,0,41,41,185
2016,4,455,2233,1,0,12,0,0,0,0,7,5,47
2016,4,455,600,0,0,0,0,0,0,0,0,0,20
2016,4,455,706,0,0,3,1,0,0,0,9,2,17
2016,4,455,458,0,1,0,1,0,0,0,3,2,16
2016,4,455,478,0,0,3,1,0,0,0,10,9,11
2016,4,455,439,0,0,0,0,0,0,0,3,1,8
2016,4,455,775,0,0,0,1,0,0,0,2,5,8
2016,4,455,430,0,0,0,0,0,0,0,1,0,6
2016,4,455,380,0,0,0,0,0,0,0,3,6,4
2016,4,455,282,0,1,0,0,0,0,0,3,0,3
2016,4,455,610,0,0,0,0,0,0,0,0,0,0
2016,4,456,1400,4,23,3,17,0,29,0,21,32,270
2016,4,456,2481,0,7,0,0,0,0,0,7,2,31
2016,4,456,1910,6,0,5,11,42,0,0,11,12,25
2016,4,456,687,0,0,0,0,0,0,0,17,5,24
2016,4,456,1400,5,2,4,7,0,0,0,5,11,23
2016,4,456,427,0,13,6,8,0,0,0,6,5,17
2016,4,456,471,0,0,0,0,0,0,0,0,0,17
2016,4,456,124,0,0,0,0,0,0,0,0,0,13
2016,4,456,272,0,1,0,0,0,0,0,0,0,13
2016,4,456,1245,3,2,1,3,0,0,0,8,10,13
2016,4,456,2516,7,3,0,1,0,0,0,24,1,13
2016,4,456,10,0,0,0,0,0,0,1,0,0,10
2016,4,456,995,0,0,0,0,0,0,0,7,2,9
2016,4,456,2468,3,0,2,4,0,0,0,10,8,9
2016,4,456,1870,0,4,0,1,0,0,0,3,3,8
2016,4,456,754,0,0,0,2,0,0,0,9,0,7
2016,4,456,890,0,0,0,16,0,0,0,5,5,7
2016,4,456,685,0,1,0,0,0,0,0,1,0,6
2016,4,456,675,0,0,0,0,0,0,0,2,0,5
2016,4,456,684,0,0,1,0,0,0,0,2,0,5
2016,4,456,710,0,0,0,3,0,0,0,2,4,4
2016,4,456,820,0,0,3,0,0,0,0,1,0,4
2016,4,456,1411,0,0,0,0,0,0,0,0,0,4
2016,4,456,480,0,2,4,1,0,0,0,7,3,3
2016,4,456,529,1,0,2,0,0,0,0,3,1,3
2016,4,456,241,0,0,0,0,0,0,0,6,0,2
2016,4,456,595,0,0,0,0,0,0,0,1,0,2
2016,4,456,1197,0,0,0,0,0,0,0,23,2,2
2016,4,456,109,0,0,0,0,0,0,0,0,0,1
2016,4,456,152,0,0,2,0,0,0,0,0,2,1
2016,4,456,50,0,0,0,0,0,0,0,3,3,0
2016,4,456,94,0,0,0,0,0,0,0,2,0,0
2016,4,456,119,0,0,0,0,0,0,0,2,0,0
2016,4,456,138,0,0,0,0,0,0,0,0,0,0
2016,4,456,452,0,0,0,0,0,0,0,0,0,0
2016,4,456,540,0,0,0,0,0,0,0,0,0,0
2016,4,456,585,0,0,0,0,0,0,0,2,2,0
2016,4,456,655,0,0,0,0,0,0,0,6,0,0
2016,4,456,783,0,0,0,0,0,0,0,0,0,0
2016,4,456,1724,0,0,0,0,0,0,0,1,0,0
2016,4,758,6360,6,19,0,24,19,0,0,80,25,168
2016,4,758,367,0,2,0,0,0,0,0,0,5,23
2016,4,758,902,0,25,0,14,0,0,0,1,2,13
2016,4,758,1961,0,11,0,4,0,0,0,13,7,10
2016,4,758,436,0,2,0,0,0,0,0,3,1,9
2016,4,758,276,0,2,8,14,0,0,0,7,3,3
2016,4,758,52,0,3,0,0,0,0,0,0,0,2
2016,4,758,188,2,0,0,0,0,0,0,1,0,2
2016,4,758,143,0,1,0,0,0,0,0,3,1,1
2016,4,758,24,0,0,0,0,0,0,0,0,0,0
2016,4,758,35,0,0,0,0,0,0,0,0,0,0
2016,4,758,100,0,0,0,0,0,0,0,0,0,0
2016,4,758,136,0,0,0,0,0,0,0,0,0,0
2016,4,758,275,0,2,0,0,0,0,0,1,5,0
2016,4,758,751,0,0,0,0,0,0,0,0,0,0
2016,4,758,805,0,4,0,0,0,0,0,0,0,0
2016,4,759,2419,0,9,0,17,0,0,0,6,12,106
2016,4,759,981,0,5,0,0,0,0,0,9,2,20
2016,4,759,420,0,1,0,0,0,0,0,4,1,8
2016,4,759,190,0,1,0,0,0,0,0,1,0,6
2016,4,759,440,0,0,0,0,0,0,0,5,0,3
2016,4,759,1003,0,3,1,2,0,0,0,7,3,1
2016,4,759,91,0,4,0,0,0,0,0,0,0,0
2016,4,759,253,0,0,0,0,0,0,0,0,1,0
2016,4,759,312,0,2,1,0,0,0,0,3,1,0
2016,4,759,950,0,0,0,0,0,0,0,0,0,0
2016,4,759,1150,0,0,0,0,0,0,0,0,0,0
2017,4,448,11500,0,48,6,40,0,0,0,125,40,143
2017,4,448,633,0,4,0,6,0,0,0,4,2,26
2017,4,448,698,0,0,0,4,35,0,0,6,3,16
2017,4,448,674,0,0,1,0,0,0,0,4,2,13
2017,4,448,850,0,0,0,0,0,0,0,0,0,13
2017,4,448,215,0,0,0,0,0,0,0,1,2,10
2017,4,448,495,0,6,2,1,0,0,0,5,1,9
2017,4,448,450,0,3,0,0,0,0,0,13,0,7
2017,4,448,467,0,0,0,0,0,0,0,1,0,6
2017,4,448,750,0,0,0,0,0,0,0,0,0,6
2017,4,448,310,0,2,0,3,0,0,0,7,4,5
2017,4,448,584,0,0,0,0,0,0,0,6,0,5
2017,4,448,909,0,0,0,0,0,0,0,8,0,5
2017,4,448,167,0,0,0,6,0,0,0,1,0,4
2017,4,448,654,0,0,0,0,0,0,0,4,0,3
2017,4,448,754,0,0,2,0,0,0,0,7,0,3
2017,4,448,1787,0,0,0,0,0,0,0,3,0,3
2017,4,448,146,0,3,0,0,0,0,0,5,1,2
2017,4,448,360,0,0,0,0,0,0,0,4,0,2
2017,4,448,797,0,1,0,0,0,0,0,2,0,2
2017,4,448,17,0,0,0,0,0,0,0,0,0,1
2017,4,448,269,0,0,0,0,0,0,0,6,1,1
2017,4,448,5,0,0,0,0,0,0,0,0,0,0
2017,4,448,8,0,0,0,0,0,0,0,0,0,0
2017,4,448,10,0,0,0,0,0,0,0,0,0,0
2017,4,448,19,0,0,0,0,0,0,0,0,0,0
2017,4,448,23,0,0,0,0,0,0,0,0,0,0
2017,4,448,41,0,0,0,0,0,0,0,0,0,0
2017,4,448,46,0,0,0,0,0,0,0,1,0,0
2017,4,448,51,0,0,0,0,0,0,0,0,0,0
2017,4,448,57,0,0,0,0,0,0,0,0,0,0
2017,4,448,58,0,0,0,0,0,0,0,0,0,0
2017,4,448,71,0,0,0,0,0,0,0,0,0,0
2017,4,448,135,0,0,0,0,0,0,0,0,0,0
2017,4,448,162,0,0,0,0,0,0,0,0,0,0
2017,4,448,185,0,0,0,0,0,0,0,0,0,0
2017,4,448,194,0,0,0,0,0,0,0,0,0,0
2017,4,448,211,0,0,0,0,0,0,0,0,0,0
2017,4,448,279,0,0,0,0,0,0,0,0,0,0
2017,4,448,382,0,0,0,0,0,0,0,1,0,0
2017,4,448,517,0,0,0,0,0,0,0,2,0,0
2017,4,448,549,0,0,2,0,0,0,0,1,0,0
2017,4,448,696,0,0,0,0,0,0,0,7,1,0
2017,4,449,7000,0,134,15,25,50,10,0,15,17,193
2017,4,449,6491,6,82,4,20,74,0,3,27,40,161
2017,4,449,3089,0,5,0,0,0,0,0,9,1,34
2017,4,449,1771,0,16,4,1,10,0,0,14,1,21
2017,4,449,540,0,8,0,0,0,0,0,9,2,17
2017,4,449,628,0,7,8,2,1,0,0,5,3,10
2017,4,449,1797,0,0,0,0,0,0,0,3,2,5
2017,4,449,542,0,3,0,1,0,0,0,7,2,4
2017,4,449,190,0,0,0,0,0,0,0,3,0,3
2017,4,449,630,0,6,0,0,0,0,0,1,0,3
2017,4,449,29,0,0,0,0,0,0,0,2,0,2
2017,4,449,80,0,2,0,0,0,0,0,2,0,1
2017,4,449,44,0,1,0,0,0,0,0,0,0,0
2017,4,449,74,0,0,0,0,0,0,0,0,4,0
2017,4,449,89,0,2,0,0,0,0,0,0,0,0
2017,4,449,200,0,8,0,0,0,0,0,0,0,0
2017,4,450,2002,7,143,0,30,36,5,0,2,12,73
2017,4,450,815,0,88,0,6,0,0,0,0,9,37
2017,4,450,1760,0,93,0,12,48,0,0,13,13,29
2017,4,450,442,0,1,1,0,0,0,0,5,2,21
2017,4,450,4700,0,255,13,0,0,3,0,0,11,21
2017,4,450,273,0,32,0,0,0,0,0,1,2,20
2017,4,450,600,1,169,4,7,0,0,0,11,16,19
2017,4,450,458,0,7,0,0,0,0,0,5,0,18
2017,4,450,379,0,20,0,1,0,0,0,11,3,17
2017,4,450,800,0,8,0,7,0,0,0,10,6,16
2017,4,450,1200,0,8,0,2,0,2,0,8,0,14
2017,4,450,259,0,26,0,5,20,0,0,1,0,11
2017,4,450,334,2,6,0,0,0,0,0,0,0,9
2017,4,450,570,0,71,0,0,0,0,0,2,0,8
2017,4,450,670,0,47,0,0,0,0,0,1,1,8
2017,4,450,664,0,38,0,0,0,0,0,3,0,7
2017,4,450,357,0,7,1,0,0,0,0,4,2,5
2017,4,450,712,0,77,0,0,0,0,0,2,1,5
2017,4,450,90,0,2,0,0,0,0,0,0,0,4
2017,4,450,285,0,12,1,0,0,0,0,4,4,4
2017,4,450,575,0,8,0,0,0,0,0,9,1,4
2017,4,450,252,0,7,0,0,0,0,0,1,0,3
2017,4,450,585,0,4,0,0,0,0,0,5,0,2
2017,4,450,37,0,4,0,2,0,0,0,0,0,1
2017,4,450,410,0,3,0,1,0,0,0,3,0,1
2017,4,450,669,0,67,0,0,0,0,0,0,0,1
2017,4,450,27,0,3,0,0,0,0,0,3,0,0
2017,4,450,82,0,1,0,0,0,0,0,1,0,0
2017,4,450,86,0,5,0,0,0,0,0,3,0,0
2017,4,450,105,0,11,0,0,0,0,0,0,0,0
2017,4,450,202,0,15,0,0,0,0,0,0,0,0
2017,4,450,220,0,22,0,0,0,0,0,0,0,0
2017,4,450,953,0,0,0,0,0,0,0,3,0,0
2017,4,453,5600,0,400,1,6,0,12,0,18,25,134
2017,4,453,863,0,18,0,2,0,0,0,16,3,25
2017,4,453,890,0,42,12,4,0,0,0,14,9,22
2017,4,453,336,0,25,2,0,0,0,0,1,2,19
2017,4,453,856,0,74,0,0,0,0,0,10,2,19
2017,4,453,370,0,22,4,0,0,0,0,5,2,15
2017,4,453,732,0,9,0,8,0,0,0,5,0,15
2017,4,453,1861,0,192,0,10,0,0,0,0,7,15
2017,4,453,728,0,26,0,0,0,0,0,14,0,13
2017,4,453,832,0,26,0,0,0,0,0,10,1,13
2017,4,453,1395,0,30,0,1,0,0,0,15,6,13
2017,4,453,787,0,42,1,4,0,0,0,8,4,10
2017,4,453,1400,0,24,0,1,0,0,0,11,5,10
2017,4,453,303,0,7,1,0,0,0,0,9,0,9
2017,4,453,303,0,5,0,0,0,0,0,1,0,8
2017,4,453,967,0,0,0,1,0,0,0,6,4,8
2017,4,453,138,0,9,1,0,0,0,0,0,0,6
2017,4,453,328,0,5,3,8,0,2,10,7,4,6
2017,4,453,1002,0,44,0,0,0,0,0,0,0,6
2017,4,453,1104,0,58,0,5,0,0,0,6,3,6
2017,4,453,49,0,0,0,0,0,0,0,2,0,4
2017,4,453,277,0,7,1,0,0,0,0,1,0,4
2017,4,453,378,0,48,0,0,0,0,0,2,0,4
2017,4,453,400,0,18,0,0,0,0,0,4,0,4
2017,4,453,635,0,14,0,0,0,0,0,3,0,4
2017,4,453,75,0,0,0,0,0,0,0,0,0,3
2017,4,453,180,0,21,0,1,0,0,0,0,0,3
2017,4,453,270,0,11,0,1,0,0,0,3,0,3
2017,4,453,865,0,9,1,2,0,0,0,5,2,3
2017,4,453,914,0,4,0,0,0,0,0,3,0,3
2017,4,453,35,0,11,0,0,0,0,0,1,0,2
2017,4,453,68,0,12,2,2,0,0,0,0,0,2
2017,4,453,90,0,2,0,0,0,0,0,0,0,2
2017,4,453,174,0,8,0,2,0,0,0,5,4,2
2017,4,453,212,0,2,0,0,0,0,0,0,0,2
2017,4,453,132,0,4,0,0,0,0,0,0,0,1
2017,4,453,214,0,2,0,0,0,0,0,0,0,1
2017,4,453,605,0,20,0,0,0,0,0,1,1,1
2017,4,453,18,0,0,0,0,0,0,0,0,0,0
2017,4,453,25,0,0,0,0,0,0,0,0,0,0
2017,4,453,27,0,0,0,0,0,0,0,0,0,0
2017,4,453,32,0,0,0,0,0,0,0,0,0,0
2017,4,453,36,0,0,0,0,0,0,0,0,0,0
2017,4,453,40,0,0,0,0,0,0,0,0,0,0
2017,4,453,41,0,0,0,0,0,0,0,0,0,0
2017,4,453,47,0,1,0,0,0,0,0,0,0,0
2017,4,453,48,0,0,0,0,0,0,0,0,0,0
2017,4,453,48,0,0,0,0,0,0,0,0,0,0
2017,4,453,50,0,13,0,0,0,0,0,0,0,0
2017,4,453,55,0,0,0,0,0,0,0,0,0,0
2017,4,453,56,0,1,0,0,0,0,0,0,0,0
2017,4,453,57,0,0,0,0,0,0,0,0,0,0
2017,4,453,62,0,0,0,0,0,0,0,0,0,0
2017,4,453,64,0,11,0,0,0,0,0,0,0,0
2017,4,453,65,0,0,0,0,0,0,0,0,0,0
2017,4,453,69,0,1,0,0,0,0,0,0,0,0
2017,4,453,74,0,1,0,0,0,0,0,0,0,0
2017,4,453,75,0,0,0,0,0,0,0,0,0,0
2017,4,453,75,0,0,0,0,0,0,0,0,0,0
2017,4,453,81,0,0,0,0,0,0,0,0,0,0
2017,4,453,90,0,0,0,0,0,0,0,0,0,0
2017,4,453,100,0,10,0,0,0,0,0,0,0,0
2017,4,453,102,0,0,0,0,0,0,0,0,0,0
2017,4,453,112,0,0,0,0,0,0,0,0,0,0
2017,4,453,116,0,0,0,0,0,0,0,0,0,0
2017,4,453,120,0,3,0,0,0,0,0,2,0,0
2017,4,453,127,0,0,0,0,0,0,0,0,0,0
2017,4,453,127,0,0,0,0,0,0,0,0,0,0
2017,4,453,131,0,2,0,0,0,0,0,0,0,0
2017,4,453,136,0,0,0,0,0,0,0,0,0,0
2017,4,453,150,0,0,0,0,0,0,0,0,0,0
2017,4,453,174,0,0,0,0,0,0,0,0,0,0
2017,4,453,229,0,3,0,0,0,0,0,2,1,0
2017,4,453,238,0,0,0,0,0,0,0,0,0,0
2017,4,453,527,0,51,0,0,0,0,0,0,0,0
2017,4,453,630,0,9,0,0,0,0,0,1,0,0
2017,4,453,672,0,12,0,0,0,0,0,0,0,0
2017,4,453,971,0,16,0,0,0,0,0,3,0,0
2017,4,454,647,8,7,0,9,0,0,0,16,0,67
2017,4,454,1772,3,1,3,3,0,0,0,10,6,49
2017,4,454,330,0,1,0,1,0,0,10,6,0,21
2017,4,454,447,1,4,0,0,0,0,0,8,2,14
2017,4,454,382,0,8,0,0,0,0,0,4,0,12
2017,4,454,299,0,0,0,0,0,0,0,2,1,10
2017,4,454,770,0,2,0,4,0,0,0,3,7,9
2017,4,454,1034,1,0,0,1,0,0,0,0,0,5
2017,4,454,190,0,0,0,0,0,0,0,2,0,4
2017,4,454,331,0,2,5,0,0,0,0,2,0,4
2017,4,454,349,0,3,0,0,0,0,0,1,0,4
2017,4,454,472,0,0,0,0,0,0,0,0,0,4
2017,4,454,691,0,0,0,0,0,0,0,6,2,3
2017,4,454,706,0,0,0,0,0,0,0,1,0,3
2017,4,454,301,0,1,0,3,0,0,0,0,2,2
2017,4,454,358,0,2,0,0,0,0,0,3,1,1
2017,4,454,630,0,0,0,0,0,0,0,8,0,1
2017,4,454,1,0,0,0,0,0,0,0,0,0,0
2017,4,454,1,0,0,0,0,0,0,0,0,0,0
2017,4,454,52,0,0,0,0,0,0,0,0,0,0
2017,4,454,58,0,0,0,0,0,0,0,0,0,0
2017,4,454,67,0,0,0,0,0,0,0,0,0,0
2017,4,454,135,0,0,0,0,0,0,0,0,0,0
2017,4,454,174,0,0,0,0,0,0,0,0,0,0
2017,4,454,189,0,0,0,0,0,0,0,0,0,0
2017,4,454,201,0,0,0,0,0,0,0,0,0,0
2017,4,454,307,0,0,0,0,0,0,0,0,0,0
2017,4,454,366,0,0,0,0,0,0,0,0,0,0
2017,4,454,523,0,0,0,0,0,0,0,0,0,0
2017,4,454,567,0,0,0,0,0,0,0,0,0,0
2017,4,454,615,0,0,0,0,0,0,0,5,0,0
2017,4,454,641,0,0,0,0,0,0,0,0,0,0
2017,4,454,692,0,0,0,0,0,0,0,0,0,0
2017,4,454,886,0,0,0,0,0,0,0,4,0,0
2017,4,454,1046,0,0,0,0,0,0,0,1,0,0
2017,4,454,1625,0,0,0,0,0,0,0,0,0,0
2017,4,455,2195,5,4,2,24,0,0,0,37,49,178
2017,4,455,2910,1,0,7,2,0,0,0,8,6,56
2017,4,455,836,0,3,0,2,0,0,0,8,3,43
2017,4,455,600,0,0,0,2,0,0,0,0,0,29
2017,4,455,706,0,0,1,1,0,0,0,8,0,19
2017,4,455,430,0,0,0,0,0,0,0,3,0,13
2017,4,455,775,0,0,0,14,0,0,0,2,4,8
2017,4,455,246,0,0,0,1,0,0,15,2,2,7
2017,4,455,355,0,0,1,3,0,0,1,3,0,7
2017,4,455,439,0,0,0,0,0,0,0,3,2,5
2017,4,455,891,0,0,2,0,0,0,0,2,0,3
2017,4,455,598,0,0,0,4,17,0,0,0,3,2
2017,4,455,34,0,0,0,0,0,0,0,0,0,0
2017,4,455,267,0,2,0,0,0,0,0,1,0,0
2017,4,456,1400,0,19,0,0,0,15,1,0,29,337
2017,4,456,4800,5,5,2,10,0,0,0,15,39,93
2017,4,456,1400,1,0,8,7,0,0,0,7,0,35
2017,4,456,1482,0,0,0,0,0,0,0,5,0,31
2017,4,456,894,0,1,2,2,0,0,0,5,5,27
2017,4,456,10,0,0,0,0,0,0,0,0,0,22
2017,4,456,1197,0,0,0,0,0,0,0,22,0,21
2017,4,456,1245,0,3,4,4,0,0,0,4,10,18
2017,4,456,1567,1,0,2,9,0,0,0,13,8,18
2017,4,456,743,2,0,3,1,0,0,0,12,7,17
2017,4,456,522,13,0,1,2,0,0,0,10,2,13
2017,4,456,563,0,0,0,3,0,0,0,8,2,12
2017,4,456,1240,0,0,0,0,0,0,0,4,0,12
2017,4,456,454,1,0,0,1,0,0,0,2,3,11
2017,4,456,685,0,0,0,0,0,0,0,3,0,11
2017,4,456,416,0,0,0,5,0,0,0,6,0,10
2017,4,456,1724,0,0,0,0,0,0,0,1,0,9
2017,4,456,392,0,0,0,3,0,0,0,4,2,8
2017,4,456,852,0,0,1,0,0,0,0,6,1,8
2017,4,456,427,0,3,8,0,0,0,0,6,2,7
2017,4,456,834,0,0,0,0,0,0,0,4,0,7
2017,4,456,995,0,0,0,0,0,0,0,2,0,6
2017,4,456,612,0,2,0,0,0,0,0,5,0,5
2017,4,456,471,0,2,0,0,0,0,0,0,0,4
2017,4,456,1870,0,2,0,0,0,0,0,0,0,4
2017,4,456,2468,2,0,3,6,0,0,0,12,10,4
2017,4,456,2516,0,4,0,1,0,0,0,11,0,4
2017,4,456,152,0,1,0,0,0,0,0,2,1,3
2017,4,456,526,0,0,0,0,0,0,0,16,1,3
2017,4,456,1411,0,0,0,0,0,0,0,5,0,3
2017,4,456,94,0,0,0,0,0,0,0,1,0,2
2017,4,456,272,0,1,0,0,0,0,0,2,0,2
2017,4,456,585,0,0,0,0,0,0,0,1,0,2
2017,4,456,820,0,0,0,0,0,0,0,0,0,2
2017,4,456,50,0,0,2,0,0,0,0,1,5,1
2017,4,456,540,0,0,0,0,0,0,0,0,0,1
2017,4,456,710,0,0,0,0,0,0,0,1,0,1
2017,4,456,1105,0,0,0,0,0,0,0,0,2,1
2017,4,456,12,0,0,0,0,0,0,0,0,0,0
2017,4,456,35,0,0,0,0,0,0,0,0,0,0
2017,4,456,37,0,0,0,0,0,0,0,0,0,0
2017,4,456,104,0,0,0,0,0,0,0,0,0,0
2017,4,456,275,0,0,0,0,0,0,0,1,1,0
2017,4,456,595,0,0,0,0,0,0,0,1,0,0
2017,4,456,783,0,0,0,0,0,0,0,1,0,0
2017,4,456,1149,0,8,0,0,0,0,0,0,0,0
2017,4,456,1454,0,0,0,0,0,0,0,3,0,0
2017,4,456,2481,0,9,0,0,0,0,0,0,0,0
2017,4,758,6360,8,16,1,26,10,0,0,68,26,232
2017,4,758,876,0,40,0,6,0,0,0,0,12,105
2017,4,758,976,0,8,0,0,0,0,0,1,3,24
2017,4,758,852,0,33,0,7,0,0,0,1,6,23
2017,4,758,2031,0,7,0,2,0,0,0,13,5,19
2017,4,758,1556,0,13,2,0,18,0,0,13,7,17
2017,4,758,175,0,17,0,0,0,0,0,4,0,16
2017,4,758,367,0,4,0,2,0,0,0,5,0,16
2017,4,758,751,0,6,0,0,18,0,0,6,6,16
2017,4,758,600,0,23,0,1,0,0,0,7,1,14
2017,4,758,545,0,4,0,0,0,0,0,4,0,12
2017,4,758,143,0,2,0,0,0,0,0,11,0,7
2017,4,758,275,0,5,0,0,0,0,0,1,0,6
2017,4,758,445,0,2,0,0,0,0,0,0,0,6
2017,4,758,537,0,0,0,0,0,0,0,3,0,6
2017,4,758,680,0,0,2,3,6,5,3,2,6,6
2017,4,758,1535,0,0,0,0,0,0,0,0,0,6
2017,4,758,519,0,10,0,0,0,0,0,4,4,5
2017,4,758,550,0,7,0,0,0,0,0,1,0,5
2017,4,758,118,0,0,0,0,0,0,0,2,0,4
2017,4,758,1835,0,0,0,0,0,0,0,0,0,4
2017,4,758,100,0,0,0,0,0,0,0,0,0,3
2017,4,758,486,0,5,0,2,0,0,0,5,0,3
2017,4,758,1535,0,0,0,0,0,0,0,1,0,3
2017,4,758,52,0,0,0,0,0,0,0,5,0,2
2017,4,758,1535,0,0,0,0,0,0,0,1,0,2
2017,4,758,188,0,0,0,0,0,0,0,0,0,1
2017,4,758,24,0,0,0,0,0,0,0,0,0,0
2017,4,758,35,0,0,0,0,0,0,0,0,0,0
2017,4,758,76,0,0,0,0,0,0,0,3,0,0
2017,4,758,96,0,0,0,0,0,0,0,0,0,0
2017,4,758,263,0,0,0,0,0,0,0,0,0,0
2017,4,758,491,0,1,0,0,0,0,0,1,1,0
2017,4,758,491,0,1,0,0,0,0,0,2,0,0
2017,4,758,537,0,0,0,0,0,0,0,2,0,0
2017,4,758,586,0,4,0,0,0,0,0,2,0,0
2017,4,759,10434,2,156,2,22,30,33,0,7,31,134
2017,4,759,2349,0,9,0,0,0,0,0,13,3,119
2017,4,759,975,0,5,0,0,0,0,0,18,6,57
2017,4,759,895,0,2,0,0,0,0,0,0,0,24
2017,4,759,1650,0,8,0,0,0,0,0,2,0,20
2017,4,759,1148,0,28,2,0,0,0,0,7,0,17
2017,4,759,528,0,0,0,0,0,0,0,1,2,15
2017,4,759,981,0,3,0,0,0,0,0,8,6,15
2017,4,759,950,0,1,2,1,0,0,0,15,2,10
2017,4,759,456,0,0,0,0,0,0,0,0,0,3
2018,4,448,312,0,39,0,10,0,0,0,82,14,83
2018,4,448,674,0,2,0,2,0,0,0,3,0,12
2018,4,448,495,0,2,0,0,0,0,0,3,0,8
2018,4,448,754,0,3,0,2,0,0,0,10,0,8
2018,4,448,584,0,2,0,0,0,0,0,7,0,7
2018,4,448,493,0,0,0,0,0,0,0,3,0,3
2018,4,448,1149,0,0,0,0,0,0,0,3,0,3
2018,4,448,1359,0,0,0,0,0,0,0,4,0,3
2018,4,448,375,0,0,0,1,0,0,0,4,1,2
2018,4,448,17,0,0,0,0,0,0,0,0,0,1
2018,4,448,146,0,1,0,0,0,0,0,3,0,1
2018,4,448,167,0,0,0,0,0,0,0,2,0,1
2018,4,448,360,0,1,0,0,0,0,0,0,0,1
2018,4,448,1485,0,1,0,0,0,0,0,0,0,1
2018,4,448,5,0,0,0,0,0,0,0,0,0,0
2018,4,448,8,0,0,0,0,0,0,0,0,0,0
2018,4,448,10,0,0,0,0,0,0,0,0,0,0
2018,4,448,15,0,0,0,0,0,0,0,0,0,0
2018,4,448,18,0,0,0,0,0,0,0,0,0,0
2018,4,448,19,0,0,0,0,0,0,0,0,0,0
2018,4,448,20,0,0,0,0,0,0,0,0,0,0
2018,4,448,23,0,0,0,0,0,0,0,0,0,0
2018,4,448,28,0,0,0,0,0,0,0,0,0,0
2018,4,448,33,0,0,0,0,0,0,0,0,0,0
2018,4,448,41,0,0,0,0,0,0,0,0,0,0
2018,4,448,46,0,0,0,0,0,0,0,0,0,0
2018,4,448,51,0,0,0,0,0,0,0,0,0,0
2018,4,448,57,0,0,0,0,0,0,0,0,0,0
2018,4,448,58,0,0,0,0,0,0,0,0,0,0
2018,4,448,71,0,0,0,0,0,0,0,0,0,0
2018,4,448,103,0,0,0,0,0,0,0,0,0,0
2018,4,448,135,0,0,0,0,0,0,0,0,0,0
2018,4,448,162,0,0,0,0,0,0,0,0,0,0
2018,4,448,169,0,0,0,0,0,0,0,0,0,0
2018,4,448,185,0,0,0,0,0,0,0,0,0,0
2018,4,448,194,0,0,0,0,0,0,0,0,0,0
2018,4,448,211,0,0,0,0,0,0,0,0,0,0
2018,4,448,269,0,0,0,0,0,0,0,7,2,0
2018,4,448,279,0,0,0,0,0,0,0,0,0,0
2018,4,448,310,0,5,0,0,0,0,0,7,0,0
2018,4,448,370,0,0,0,0,0,0,0,0,0,0
2018,4,448,370,0,0,0,0,0,0,0,0,0,0
2018,4,448,380,0,0,0,2,0,0,0,0,1,0
2018,4,448,509,0,0,0,0,0,0,0,1,0,0
2018,4,448,549,0,0,2,0,0,0,0,1,0,0
2018,4,448,550,0,0,0,0,0,0,0,0,0,0
2018,4,448,600,0,0,0,0,0,0,0,0,0,0
2018,4,448,652,0,0,0,0,0,0,0,0,0,0
2018,4,448,671,0,0,0,0,0,0,0,0,0,0
2018,4,448,696,0,0,0,0,0,0,0,0,1,0
2018,4,448,725,0,0,0,0,0,0,0,0,0,0
2018,4,448,752,0,0,0,0,0,0,0,0,0,0
2018,4,448,826,0,0,0,0,0,0,0,0,0,0
2018,4,448,932,0,0,0,0,0,0,0,0,0,0
2018,4,448,1000,0,0,0,0,0,0,0,0,0,0
2018,4,449,6491,10,83,15,16,80,12,0,60,40,115
2018,4,449,1020,0,33,0,0,15,0,0,0,1,18
2018,4,449,1771,0,20,0,1,6,0,0,15,1,18
2018,4,449,540,0,6,0,0,0,0,0,11,2,14
2018,4,449,628,0,5,0,0,0,0,0,11,2,11
2018,4,449,100,0,0,0,3,0,0,0,0,0,8
2018,4,449,367,0,0,0,0,0,0,0,3,0,5
2018,4,449,630,0,9,0,0,0,0,0,2,0,4
2018,4,449,190,0,0,0,0,0,0,0,0,0,3
2018,4,449,91,0,4,0,1,0,0,0,0,0,1
2018,4,449,3089,0,0,0,0,0,0,0,0,0,1
2018,4,449,74,0,0,0,0,0,0,0,0,1,0
2018,4,449,89,0,0,0,0,0,0,0,0,0,0
2018,4,449,122,0,0,0,0,0,0,0,0,0,0
2018,4,449,185,0,5,0,0,0,0,0,0,0,0
2018,4,449,228,0,29,0,0,0,0,0,0,0,0
2018,4,449,230,0,0,0,0,0,0,0,0,0,0
2018,4,449,1797,0,0,0,0,0,0,0,0,0,0
2018,4,450,2002,0,89,0,8,0,0,0,19,17,44
2018,4,450,2020,0,53,0,14,0,3,0,8,18,43
2018,4,450,1760,0,107,0,12,57,0,0,7,14,38
2018,4,450,2002,13,145,0,10,19,7,2,1,11,31
2018,4,450,3830,0,329,3,6,7,3,0,4,4,29
2018,4,450,600,0,262,0,0,0,0,0,2,30,24
2018,4,450,1900,6,178,0,1,0,0,0,19,0,22
2018,4,450,815,0,116,0,4,0,0,0,2,6,20
2018,4,450,413,0,0,0,0,0,0,0,2,1,17
2018,4,450,55,0,0,0,0,0,0,0,0,0,10
2018,4,450,240,0,15,0,0,0,0,0,0,0,10
2018,4,450,670,0,66,0,0,0,0,0,0,0,10
2018,4,450,273,0,38,0,0,0,0,0,2,0,8
2018,4,450,570,0,56,0,0,0,0,0,2,0,6
2018,4,450,669,0,54,0,0,0,0,0,3,0,6
2018,4,450,285,0,17,0,0,0,0,0,9,0,5
2018,4,450,358,0,3,0,1,0,0,0,4,0,5
2018,4,450,12,0,0,0,1,0,0,0,0,4,4
2018,4,450,101,0,0,0,0,0,0,0,1,6,3
2018,4,450,252,0,15,0,0,0,0,0,6,0,3
2018,4,450,1200,0,5,0,0,0,4,0,9,3,3
2018,4,450,410,0,6,0,0,0,0,0,5,1,2
2018,4,450,585,1,7,0,0,0,0,0,4,2,2
2018,4,450,67,0,1,0,3,1,0,0,0,0,1
2018,4,450,86,0,2,0,0,0,0,0,0,0,1
2018,4,450,37,0,1,0,0,0,0,0,0,0,0
2018,4,450,105,0,19,0,0,0,0,0,0,0,0
2018,4,450,387,0,77,0,0,0,0,0,0,0,0
2018,4,450,796,0,78,0,0,0,0,0,1,1,0
2018,4,453,5600,0,361,1,2,0,6,1,20,12,118
2018,4,453,890,0,41,9,2,0,0,0,11,5,33
2018,4,453,1861,0,308,0,0,0,0,0,0,2,27
2018,4,453,856,3,107,0,2,0,0,0,13,6,18
2018,4,453,1400,0,27,1,0,0,0,0,14,3,17
2018,4,453,732,0,10,0,0,0,0,0,1,0,16
2018,4,453,200,0,6,0,0,0,0,0,1,0,11
2018,4,453,343,0,12,0,0,0,0,0,0,0,10
2018,4,453,156,0,7,0,0,0,0,0,6,0,9
2018,4,453,863,0,20,0,3,0,0,0,22,2,9
2018,4,453,400,0,21,0,0,0,0,0,10,0,7
2018,4,453,255,0,10,0,0,0,0,0,0,0,6
2018,4,453,1315,0,41,0,0,0,0,0,0,2,6
2018,4,453,242,0,0,0,0,0,0,0,0,0,5
2018,4,453,440,0,30,0,0,0,0,0,0,1,5
2018,4,453,1104,4,68,0,2,0,0,0,1,3,5
2018,4,453,120,0,6,0,1,0,0,0,2,0,4
2018,4,453,254,0,11,0,0,0,0,0,0,0,3
2018,4,453,303,0,7,0,0,0,0,0,9,0,3
2018,4,453,410,0,0,0,0,0,0,0,0,0,3
2018,4,453,303,0,4,0,0,0,0,0,1,0,2
2018,4,453,330,0,0,0,0,0,0,0,0,0,2
2018,4,453,509,0,18,0,0,0,0,0,9,0,2
2018,4,453,914,0,11,0,0,0,0,0,1,0,2
2018,4,453,1395,0,34,2,0,0,0,0,4,0,2
2018,4,453,57,0,1,0,3,0,0,0,1,1,1
2018,4,453,151,0,3,0,0,0,0,0,0,0,1
2018,4,453,168,0,0,0,0,0,0,0,0,0,1
2018,4,453,24,0,0,0,0,0,0,0,0,0,0
2018,4,453,26,0,0,0,0,0,0,0,0,0,0
2018,4,453,28,0,0,0,0,0,0,0,0,0,0
2018,4,453,36,0,0,0,0,0,0,0,0,0,0
2018,4,453,42,0,0,0,0,0,0,0,0,0,0
2018,4,453,43,0,1,0,0,0,0,0,0,0,0
2018,4,453,48,0,0,0,0,0,0,0,0,0,0
2018,4,453,54,0,2,0,0,0,0,0,0,0,0
2018,4,453,57,0,0,0,0,0,0,0,0,0,0
2018,4,453,58,0,0,0,0,0,0,0,0,0,0
2018,4,453,75,0,0,0,0,0,0,0,0,0,0
2018,4,453,76,0,0,0,0,0,0,0,0,0,0
2018,4,453,115,0,0,0,0,0,0,0,0,0,0
2018,4,453,120,0,1,0,0,0,0,0,1,0,0
2018,4,453,120,0,0,0,0,0,0,0,0,0,0
2018,4,453,159,0,0,0,0,0,0,0,0,0,0
2018,4,453,161,0,0,0,0,0,0,0,0,0,0
2018,4,453,170,0,0,0,0,0,0,0,0,0,0
2018,4,453,175,0,0,0,0,0,0,0,0,0,0
2018,4,453,190,0,0,0,0,0,0,0,0,0,0
2018,4,453,199,0,0,0,0,0,0,0,0,0,0
2018,4,453,200,0,0,0,0,0,0,0,0,0,0
2018,4,453,214,0,0,0,0,0,0,0,0,0,0
2018,4,453,223,0,0,0,0,0,0,0,0,0,0
2018,4,453,305,0,0,0,0,0,0,0,0,0,0
2018,4,453,329,0,3,0,0,0,0,0,0,0,0
2018,4,453,329,0,0,0,0,0,0,0,0,0,0
2018,4,453,385,0,0,0,0,0,0,0,0,0,0
2018,4,453,420,0,2,0,0,0,0,0,0,0,0
2018,4,453,470,0,1,0,0,0,0,0,2,0,0
2018,4,453,554,0,0,0,0,0,0,0,0,0,0
2018,4,453,590,0,0,0,0,0,0,0,0,0,0
2018,4,453,615,0,0,0,0,0,0,0,0,0,0
2018,4,453,635,0,7,0,0,0,0,0,0,0,0
2018,4,453,672,0,15,0,0,0,0,0,0,0,0
2018,4,453,695,0,0,0,0,0,0,0,0,0,0
2018,4,453,858,0,0,0,0,0,0,0,0,0,0
2018,4,453,865,0,15,0,1,0,0,0,2,5,0
2018,4,453,971,0,8,0,0,0,0,0,1,0,0
2018,4,453,1315,0,0,0,0,0,0,0,0,0,0
2018,4,454,11995,4,55,9,28,0,0,0,60,36,165
2018,4,454,1600,0,2,1,0,0,0,0,6,3,27
2018,4,454,330,0,0,0,2,0,0,10,10,0,20
2018,4,454,1370,0,6,1,1,0,0,0,8,2,19
2018,4,454,1327,0,22,5,0,0,0,0,10,0,12
2018,4,454,301,0,3,0,0,0,0,0,0,3,10
2018,4,454,447,0,7,0,0,0,0,0,7,1,10
2018,4,454,612,0,2,0,0,0,0,0,10,4,10
2018,4,454,382,0,1,0,1,0,0,0,5,0,8
2018,4,454,589,3,2,5,3,0,0,0,7,0,8
2018,4,454,1034,0,1,0,0,0,0,0,0,0,8
2018,4,454,454,1,0,1,2,0,0,0,4,2,7
2018,4,454,373,0,3,0,0,0,0,0,3,0,5
2018,4,454,630,0,0,4,0,1,0,0,8,3,5
2018,4,454,691,0,0,0,0,0,0,0,5,0,4
2018,4,454,1002,0,0,0,0,0,0,0,0,0,4
2018,4,454,331,0,1,3,0,0,0,0,3,0,2
2018,4,454,496,0,0,0,0,0,0,0,2,0,1
2018,4,454,25,0,0,0,0,0,0,0,0,0,0
2018,4,454,102,0,5,0,0,0,0,0,0,0,0
2018,4,454,113,0,3,0,0,0,0,0,4,0,0
2018,4,454,121,6,0,0,0,0,0,0,3,0,0
2018,4,454,150,0,1,2,0,0,0,0,2,0,0
2018,4,454,278,0,0,0,0,0,0,0,0,0,0
2018,4,454,348,0,0,0,0,0,0,0,0,0,0
2018,4,454,349,0,1,0,0,0,0,0,0,0,0
2018,4,454,358,0,0,0,0,0,0,0,2,0,0
2018,4,455,2910,1,0,5,2,0,0,0,9,2,46
2018,4,455,706,0,0,1,1,0,0,0,7,1,21
2018,4,455,430,0,0,0,0,0,0,0,3,0,17
2018,4,455,775,0,1,0,3,0,0,0,3,0,16
2018,4,455,439,0,0,0,0,0,0,0,0,0,12
2018,4,455,355,0,0,0,0,0,0,0,9,0,11
2018,4,455,1100,2,0,8,6,64,0,0,1,8,11
2018,4,455,542,0,0,0,0,0,0,0,7,1,10
2018,4,455,549,0,0,0,0,0,0,0,4,1,9
2018,4,455,580,0,0,0,0,0,0,0,9,0,4
2018,4,455,891,0,0,2,0,0,0,0,2,1,4
2018,4,455,86,0,1,0,1,0,0,0,2,1,2
2018,4,455,246,0,0,0,1,0,0,7,2,0,2
2018,4,455,34,0,0,0,0,0,0,0,0,2,0
2018,4,455,375,0,0,0,0,0,0,0,0,0,0
2018,4,455,478,0,0,0,0,0,0,0,0,0,0
2018,4,455,560,0,0,0,0,0,0,0,0,0,0
2018,4,455,610,0,0,0,0,26,0,0,3,2,0
2018,4,456,1400,0,24,0,0,0,0,0,15,0,100
2018,4,456,1400,1,6,0,2,0,0,0,7,10,46
2018,4,456,894,0,0,0,0,0,0,0,9,5,33
2018,4,456,860,0,0,1,0,0,0,0,21,2,24
2018,4,456,2516,4,1,0,3,0,0,0,12,1,19
2018,4,456,427,0,6,7,0,0,0,0,2,2,15
2018,4,456,1184,0,0,3,0,0,0,0,5,5,12
2018,4,456,1245,2,1,0,1,1,0,0,5,2,12
2018,4,456,320,2,0,0,0,0,0,0,0,2,11
2018,4,456,814,0,0,0,0,0,0,0,3,0,11
2018,4,456,1910,0,1,0,0,0,0,0,0,0,11
2018,4,456,612,0,1,0,0,0,0,0,3,0,10
2018,4,456,211,0,0,0,0,0,0,0,0,0,9
2018,4,456,120,1,4,0,0,0,0,0,2,0,8
2018,4,456,1240,0,0,1,0,0,0,0,1,1,8
2018,4,456,2090,1,0,2,2,0,0,0,19,5,8
2018,4,456,563,0,0,0,0,0,0,0,7,6,7
2018,4,456,1411,0,0,0,0,0,0,0,9,0,7
2018,4,456,1454,0,0,0,0,0,0,0,6,2,7
2018,4,456,710,0,1,0,0,0,0,0,0,0,6
2018,4,456,272,0,0,0,0,0,0,0,2,0,5
2018,4,456,522,0,0,0,2,0,0,0,9,2,5
2018,4,456,526,0,0,0,0,0,0,0,12,0,5
2018,4,456,540,0,0,0,0,0,0,0,0,0,5
2018,4,456,1149,0,0,0,0,0,0,0,0,0,5
2018,4,456,10,0,0,0,0,0,0,0,0,0,4
2018,4,456,471,0,3,0,0,0,0,0,0,0,4
2018,4,456,1870,0,1,0,0,0,0,0,0,0,4
2018,4,456,348,0,0,0,0,0,0,0,2,0,3
2018,4,456,685,0,0,0,0,0,0,0,5,1,3
2018,4,456,995,0,0,0,0,0,0,0,3,0,3
2018,4,456,1724,0,0,0,0,0,0,0,0,0,3
2018,4,456,12,0,0,0,0,0,0,0,1,0,2
2018,4,456,94,0,0,0,14,0,0,0,2,2,2
2018,4,456,820,0,0,0,2,0,0,0,0,12,2
2018,4,456,794,0,3,0,0,0,0,0,1,0,1
2018,4,456,1105,0,0,2,4,0,0,0,2,1,1
2018,4,456,37,0,0,0,0,0,0,0,0,0,0
2018,4,456,185,0,0,0,0,0,0,0,0,0,0
2018,4,456,203,0,0,0,0,0,0,0,0,0,0
2018,4,456,275,0,0,1,0,0,0,0,2,2,0
2018,4,456,430,0,0,0,0,0,0,0,0,0,0
2018,4,456,520,0,0,0,0,0,0,0,0,0,0
2018,4,456,526,0,0,0,0,0,0,0,0,0,0
2018,4,456,535,0,0,0,0,0,0,0,0,0,0
2018,4,456,558,0,0,0,0,0,0,0,0,0,0
2018,4,456,585,0,0,0,0,0,0,0,1,0,0
2018,4,456,595,0,0,0,0,0,0,0,0,0,0
2018,4,456,606,0,0,0,0,0,0,0,0,0,0
2018,4,456,684,0,0,0,0,0,0,0,0,0,0
2018,4,456,701,0,0,0,0,0,0,0,0,0,0
2018,4,456,783,0,0,0,0,0,0,0,1,0,0
2018,4,456,1482,0,0,0,0,0,0,0,0,0,0
2018,4,456,1567,0,0,0,0,0,0,0,0,0,0
2018,4,456,2481,0,1,0,0,0,0,0,0,0,0
2018,4,758,876,0,63,0,7,0,0,0,0,16,166
2018,4,758,1835,0,13,0,0,0,0,0,3,2,33
2018,4,758,976,0,11,0,0,0,0,0,3,0,24
2018,4,758,1556,0,2,0,0,0,0,0,6,0,16
2018,4,758,680,0,4,5,3,2,8,6,2,6,14
2018,4,758,2031,0,16,0,2,0,0,0,14,2,13
2018,4,758,480,0,11,0,0,0,0,0,0,0,8
2018,4,758,550,0,3,0,2,0,0,0,8,1,7
2018,4,758,1535,1,0,0,0,0,0,0,4,0,6
2018,4,758,188,0,0,0,0,0,0,0,1,0,5
2018,4,758,120,0,0,0,0,0,0,0,0,0,4
2018,4,758,519,0,10,0,8,0,0,0,5,1,3
2018,4,758,600,0,9,0,13,0,0,0,11,2,3
2018,4,758,852,0,37,0,4,0,0,0,0,4,1
2018,4,758,1,0,0,0,0,0,0,0,0,0,0
2018,4,758,100,0,0,3,0,0,0,0,4,0,0
2018,4,758,102,0,0,0,0,0,0,0,0,0,0
2018,4,758,263,0,0,0,0,0,0,0,1,0,0
2018,4,758,367,0,0,0,0,0,0,0,0,0,0
2018,4,758,486,0,8,0,0,0,0,0,6,0,0
2018,4,758,610,0,0,0,0,0,0,0,0,0,0
2018,4,758,805,0,0,0,0,0,0,0,0,0,0
2018,4,759,9200,3,158,4,10,0,14,0,36,14,149
2018,4,759,2349,0,24,0,0,0,0,0,6,2,93
2018,4,759,430,0,4,0,0,0,0,0,2,0,5
2018,4,759,440,0,0,0,0,0,0,0,1,0,5
2018,4,759,276,0,3,3,5,0,0,0,5,4,3
2018,4,759,364,0,3,3,5,0,0,0,5,4,3
2019,4,448,11839,2,50,4,32,0,0,11,162,41,133
2019,4,448,980,0,15,0,0,0,0,0,8,2,38
2019,4,448,286,0,0,0,0,0,0,0,8,2,25
2019,4,448,1485,0,1,4,0,0,0,0,16,0,18
2019,4,448,650,0,0,0,0,0,0,0,2,0,8
2019,4,448,1359,2,0,0,0,0,0,0,9,0,4
2019,4,448,664,0,0,0,0,0,0,0,0,0,3
2019,4,448,1521,0,0,0,2,0,0,0,11,1,3
2019,4,448,301,0,1,0,0,0,0,0,0,0,2
2019,4,448,17,0,0,0,0,0,0,0,0,0,1
2019,4,448,137,0,0,0,0,0,0,0,3,0,1
2019,4,448,445,0,0,0,0,0,0,0,1,0,1
2019,4,448,565,0,0,2,0,0,0,0,9,0,1
2019,4,448,752,0,0,0,0,0,0,0,1,0,1
2019,4,448,296,0,0,0,0,0,0,0,0,0,0
2019,4,448,445,0,0,0,0,0,0,0,0,0,0
2019,4,448,725,0,0,0,0,0,0,0,0,0,0
2019,4,448,740,0,0,0,0,0,0,0,0,0,0
2019,4,449,9705,13,206,10,20,36,35,0,84,56,285
2019,4,449,763,0,21,0,1,0,0,0,2,3,18
2019,4,449,540,0,7,0,0,0,0,0,12,0,12
2019,4,449,261,0,5,1,0,0,0,0,4,1,10
2019,4,449,200,0,25,0,0,0,0,0,0,0,8
2019,4,449,190,0,1,0,0,0,0,0,1,0,5
2019,4,449,116,0,14,0,0,0,0,0,0,0,2
2019,4,449,125,0,26,0,0,0,0,0,1,0,2
2019,4,449,200,0,24,0,0,0,0,0,0,0,2
2019,4,449,270,0,2,0,0,0,0,0,3,0,2
2019,4,449,90,0,0,0,0,0,0,0,0,0,1
2019,4,449,46,0,0,0,0,0,0,0,0,0,0
2019,4,449,50,0,0,0,0,0,0,0,0,0,0
2019,4,449,74,0,0,0,3,0,0,0,0,4,0
2019,4,449,80,0,0,0,0,0,0,0,0,0,0
2019,4,449,82,0,0,0,0,0,0,0,0,0,0
2019,4,449,85,0,1,0,0,0,0,0,0,0,0
2019,4,449,89,0,0,0,0,0,0,0,0,0,0
2019,4,449,91,0,8,0,0,0,0,0,0,0,0
2019,4,449,117,0,0,0,0,0,0,0,0,0,0
2019,4,449,120,0,0,0,0,0,0,0,0,0,0
2019,4,449,125,0,0,0,0,0,0,0,0,0,0
2019,4,449,260,0,0,0,0,0,0,0,0,0,0
2019,4,449,600,0,2,0,0,0,0,0,0,0,0
2019,4,450,3830,6,465,11,6,0,1,0,5,6,46
2019,4,450,450,3,13,0,0,0,0,0,5,1,27
2019,4,450,379,0,76,0,0,0,0,0,4,2,26
2019,4,450,669,0,65,4,0,0,0,0,2,3,22
2019,4,450,413,0,0,0,0,0,0,0,3,2,16
2019,4,450,843,0,115,0,3,0,0,0,0,9,16
2019,4,450,1760,0,127,0,11,44,0,0,13,12,16
2019,4,450,101,0,0,0,0,0,0,0,0,2,15
2019,4,450,1200,0,10,0,0,0,1,0,19,3,15
2019,4,450,199,0,14,0,0,0,0,0,4,0,10
2019,4,450,811,0,58,0,0,0,0,0,8,6,10
2019,4,450,259,0,18,0,3,0,0,0,0,0,9
2019,4,450,273,0,34,0,0,0,0,0,1,0,9
2019,4,450,664,0,50,0,0,0,0,0,6,1,9
2019,4,450,950,0,35,0,3,0,0,0,4,1,7
2019,4,450,570,0,86,0,0,0,0,0,5,5,6
2019,4,450,650,0,58,0,1,0,0,0,2,1,5
2019,4,450,358,0,11,0,0,0,0,0,4,3,4
2019,4,450,285,0,19,0,0,0,0,0,6,0,3
2019,4,450,12,0,1,0,4,0,0,3,1,1,2
2019,4,450,136,0,7,0,2,0,0,0,0,1,2
2019,4,450,80,0,1,0,0,0,0,0,0,0,1
2019,4,450,387,0,36,0,0,0,0,0,0,0,1
2019,4,450,796,0,75,0,0,0,0,0,0,0,1
2019,4,450,27,0,2,0,0,0,0,0,3,0,0
2019,4,450,34,0,1,0,0,0,0,0,0,0,0
2019,4,450,36,0,0,0,0,0,0,0,0,0,0
2019,4,450,42,0,0,0,0,0,0,0,0,0,0
2019,4,450,45,0,0,0,0,0,0,0,0,0,0
2019,4,450,67,0,0,0,1,0,0,0,1,1,0
2019,4,450,82,0,1,0,0,0,0,0,0,0,0
2019,4,450,90,0,1,0,0,0,0,0,0,0,0
2019,4,450,105,0,17,0,0,0,0,0,0,0,0
2019,4,450,113,0,2,0,0,0,0,0,0,0,0
2019,4,450,115,0,17,0,0,0,0,0,0,0,0
2019,4,450,199,0,10,0,0,0,0,0,0,0,0
2019,4,450,200,0,0,0,0,0,0,0,0,0,0
2019,4,450,240,0,0,0,0,0,0,0,0,0,0
2019,4,450,273,0,0,0,0,0,0,0,0,0,0
2019,4,450,410,0,0,0,0,0,0,0,0,0,0
2019,4,450,630,0,0,0,0,0,0,0,0,0,0
2019,4,450,642,0,0,0,0,0,0,0,0,0,0
2019,4,450,1200,0,0,0,0,0,0,0,0,0,0
2019,4,453,5600,2,342,1,5,0,0,0,7,18,168
2019,4,453,370,2,66,1,2,0,0,0,18,4,44
2019,4,453,890,0,46,7,5,0,0,0,15,8,41
2019,4,453,863,0,20,3,5,0,0,0,16,4,33
2019,4,453,732,0,10,0,0,0,0,0,4,0,25
2019,4,453,1182,1,139,0,10,71,0,0,19,3,20
2019,4,453,320,0,24,0,2,0,0,0,1,3,17
2019,4,453,600,0,21,0,4,0,0,0,13,2,15
2019,4,453,550,2,28,0,0,0,0,0,10,1,14
2019,4,453,270,7,28,0,6,0,0,0,11,1,12
2019,4,453,440,0,38,0,1,30,0,0,1,2,11
2019,4,453,550,6,3,1,0,0,0,0,14,7,11
2019,4,453,1861,0,330,0,0,0,0,0,4,8,10
2019,4,453,156,0,10,0,0,0,0,0,5,0,6
2019,4,453,254,0,14,0,0,0,0,0,2,1,6
2019,4,453,180,5,25,0,0,0,0,0,0,2,3
2019,4,453,200,0,0,0,0,0,0,0,0,0,3
2019,4,453,303,0,13,1,2,0,0,0,8,2,3
2019,4,453,1585,0,43,0,0,0,0,0,9,0,3
2019,4,453,75,0,20,7,1,0,0,0,2,1,2
2019,4,453,310,18,13,3,2,12,0,9,4,3,2
2019,4,453,361,0,6,0,0,0,0,0,2,0,2
2019,4,453,58,0,0,0,0,0,0,0,0,0,1
2019,4,453,120,0,2,0,0,0,0,0,0,0,1
2019,4,453,173,0,11,0,6,0,0,0,5,0,1
2019,4,453,177,0,1,0,0,0,0,0,3,0,1
2019,4,453,400,0,10,0,0,0,0,0,2,0,1
2019,4,453,604,0,22,0,0,0,0,0,0,1,1
2019,4,453,850,0,0,0,0,0,0,0,0,0,1
2019,4,453,32,0,0,0,0,0,0,0,0,0,0
2019,4,453,32,0,0,0,0,0,0,0,0,0,0
2019,4,453,36,0,0,0,0,0,0,0,0,0,0
2019,4,453,40,0,3,0,0,0,0,0,0,0,0
2019,4,453,40,0,0,0,0,0,0,0,0,0,0
2019,4,453,48,0,0,0,0,0,0,0,0,0,0
2019,4,453,115,0,0,0,0,0,0,0,0,0,0
2019,4,453,120,0,0,0,0,0,0,0,0,0,0
2019,4,453,139,0,0,0,0,0,0,0,0,0,0
2019,4,453,150,0,7,0,0,0,0,0,0,0,0
2019,4,453,152,0,0,0,0,0,0,0,0,0,0
2019,4,453,152,0,5,0,0,0,0,0,0,0,0
2019,4,453,161,0,3,0,0,0,0,0,0,0,0
2019,4,453,167,0,0,0,0,0,0,0,0,0,0
2019,4,453,170,0,0,0,0,0,0,0,0,0,0
2019,4,453,214,0,5,0,0,0,0,0,0,0,0
2019,4,453,220,0,0,0,0,0,0,0,0,0,0
2019,4,453,229,0,7,0,0,0,0,0,3,0,0
2019,4,453,303,0,6,0,0,0,0,0,0,0,0
2019,4,453,310,0,15,0,0,0,0,0,0,0,0
2019,4,453,310,0,27,0,0,0,0,0,0,0,0
2019,4,453,329,0,0,0,0,0,0,0,0,0,0
2019,4,453,330,0,0,0,0,0,0,0,1,0,0
2019,4,453,380,0,5,0,0,0,0,0,3,0,0
2019,4,453,554,0,0,0,0,0,0,0,0,0,0
2019,4,453,590,0,0,0,0,0,0,0,0,0,0
2019,4,453,605,0,0,0,0,0,0,0,0,0,0
2019,4,453,848,0,20,2,0,0,0,0,12,0,0
2019,4,453,1315,0,0,0,0,0,0,0,0,0,0
2019,4,454,11632,4,47,6,26,15,0,0,66,51,235
2019,4,454,1775,0,10,0,0,0,0,0,11,3,73
2019,4,454,1772,3,3,1,4,0,0,0,10,2,51
2019,4,454,2002,5,157,2,8,5,0,0,6,15,48
2019,4,454,1370,0,5,2,0,0,0,0,9,2,29
2019,4,454,375,0,0,0,0,0,0,0,0,2,27
2019,4,454,353,1,2,0,0,10,0,0,9,0,24
2019,4,454,2820,0,27,0,0,0,0,0,10,0,22
2019,4,454,330,0,0,0,1,0,0,11,3,3,19
2019,4,454,331,0,1,3,0,0,0,0,3,0,12
2019,4,454,505,0,0,0,0,0,0,0,4,0,12
2019,4,454,750,0,25,0,0,0,0,0,5,0,11
2019,4,454,988,2,5,1,2,0,0,0,4,3,11
2019,4,454,691,0,0,0,0,0,0,0,8,0,10
2019,4,454,150,0,4,0,0,0,0,0,3,0,9
2019,4,454,432,0,1,0,0,0,0,0,3,0,9
2019,4,454,350,0,1,0,0,0,0,0,6,2,8
2019,4,454,612,2,0,0,0,0,0,0,6,0,8
2019,4,454,1034,0,0,0,0,0,0,0,1,0,8
2019,4,454,95,0,1,0,0,0,0,0,2,0,7
2019,4,454,373,0,3,0,0,0,0,0,2,0,7
2019,4,454,382,0,4,0,0,0,0,0,7,0,7
2019,4,454,159,0,1,0,0,0,0,0,3,0,6
2019,4,454,534,0,7,1,2,0,0,0,2,2,6
2019,4,454,226,0,6,0,0,0,0,0,2,0,5
2019,4,454,589,2,1,3,2,0,0,0,6,0,5
2019,4,454,301,0,1,0,0,0,0,0,0,2,4
2019,4,454,358,0,3,0,1,0,0,0,3,3,4
2019,4,454,13,0,0,0,1,0,0,0,0,0,3
2019,4,454,121,0,1,0,0,0,0,0,2,1,3
2019,4,454,349,0,0,0,0,0,0,0,2,0,3
2019,4,454,630,0,1,0,0,3,0,0,8,6,3
2019,4,454,1327,0,10,1,1,0,0,0,26,4,3
2019,4,454,113,0,0,0,2,0,0,0,2,4,2
2019,4,454,496,0,0,0,0,0,0,0,0,0,2
2019,4,454,612,0,0,0,0,0,0,0,1,0,2
2019,4,454,1006,0,1,5,0,0,0,0,7,0,2
2019,4,454,1,0,2,0,0,0,0,0,2,0,0
2019,4,454,10,0,0,0,0,0,0,0,0,0,0
2019,4,454,25,0,0,0,0,0,0,0,0,0,0
2019,4,454,50,0,1,0,0,0,0,0,1,0,0
2019,4,454,74,0,0,0,0,0,0,0,0,0,0
2019,4,454,102,0,11,0,0,0,0,0,0,0,0
2019,4,454,102,0,0,0,0,0,0,0,0,0,0
2019,4,454,102,0,0,0,0,0,0,0,0,0,0
2019,4,454,180,0,0,0,0,0,0,0,0,0,0
2019,4,454,278,0,1,0,0,0,0,0,0,0,0
2019,4,454,313,0,0,0,0,0,0,0,1,0,0
2019,4,454,348,0,0,0,0,0,0,0,0,0,0
2019,4,454,476,0,0,0,0,0,0,0,0,0,0
2019,4,454,647,0,2,0,0,0,0,0,0,0,0
2019,4,454,1100,0,0,0,0,0,0,0,0,0,0
2019,4,454,1625,0,0,0,0,0,0,0,0,0,0
2019,4,455,2910,1,1,5,5,0,0,0,18,4,45
2019,4,455,841,0,2,3,3,0,0,0,20,1,39
2019,4,455,600,1,8,0,2,0,0,0,13,4,37
2019,4,455,430,0,0,0,0,0,0,0,5,0,24
2019,4,455,472,0,0,0,0,0,0,0,0,0,12
2019,4,455,381,0,0,0,0,0,0,0,3,0,11
2019,4,455,542,4,0,0,0,0,0,0,9,2,11
2019,4,455,355,0,0,0,0,0,0,0,12,1,9
2019,4,455,439,0,0,0,0,0,0,0,0,0,8
2019,4,455,622,3,0,0,7,0,0,0,1,3,6
2019,4,455,775,0,4,0,1,0,0,0,5,2,6
2019,4,455,598,0,0,0,0,7,0,0,7,0,4
2019,4,455,68,0,0,0,0,0,0,0,0,0,3
2019,4,455,600,0,0,0,0,0,0,0,4,0,3
2019,4,455,267,0,3,0,0,0,0,0,1,0,2
2019,4,455,282,0,2,0,0,0,0,0,4,0,2
2019,4,455,246,0,0,0,0,0,0,0,3,0,1
2019,4,455,34,0,0,0,0,0,0,0,0,0,0
2019,4,455,36,0,0,0,0,0,0,0,0,0,0
2019,4,455,65,0,0,0,0,0,0,0,0,0,0
2019,4,455,520,0,0,0,0,0,0,0,0,0,0
2019,4,456,578,0,1,0,1,0,0,0,5,24,45
2019,4,456,1400,3,4,3,4,0,0,0,8,6,42
2019,4,456,960,1,3,3,2,0,0,0,5,2,40
2019,4,456,427,0,7,2,2,0,0,0,3,2,37
2019,4,456,1910,0,0,0,1,0,0,0,6,2,35
2019,4,456,188,0,2,0,0,0,0,0,0,0,30
2019,4,456,559,0,3,5,4,0,0,0,8,5,28
2019,4,456,685,0,0,0,0,0,0,0,4,1,22
2019,4,456,563,0,2,3,1,0,0,0,10,4,20
2019,4,456,1411,0,0,0,0,0,0,0,3,0,19
2019,4,456,710,0,4,3,0,0,0,0,7,4,15
2019,4,456,2516,1,1,0,0,0,0,0,7,1,14
2019,4,456,187,0,1,0,0,0,0,0,5,0,13
2019,4,456,348,0,0,0,0,0,0,0,3,1,13
2019,4,456,883,0,0,0,1,0,0,0,10,3,13
2019,4,456,2090,1,0,6,1,0,0,0,18,9,12
2019,4,456,450,0,0,0,0,0,0,0,4,0,10
2019,4,456,526,0,0,0,0,0,0,0,5,2,9
2019,4,456,1240,0,0,0,0,0,0,0,4,0,9
2019,4,456,1567,0,0,2,0,0,0,0,14,5,9
2019,4,456,454,1,0,3,2,4,0,0,4,3,8
2019,4,456,860,0,0,7,0,0,0,0,24,4,8
2019,4,456,1724,0,0,0,0,0,0,0,0,0,8
2019,4,456,28,0,0,0,0,0,0,0,3,5,7
2019,4,456,471,0,4,0,0,0,0,0,0,0,7
2019,4,456,10,0,0,0,0,0,0,0,0,0,6
2019,4,456,655,0,3,0,0,0,0,0,13,0,6
2019,4,456,995,0,0,0,0,0,0,0,0,0,6
2019,4,456,92,0,1,0,4,0,0,0,2,1,5
2019,4,456,230,0,0,0,0,0,0,0,0,0,5
2019,4,456,430,0,0,0,0,0,0,0,2,0,5
2019,4,456,675,0,0,0,0,0,0,0,4,1,5
2019,4,456,820,0,0,0,0,0,0,0,0,2,5
2019,4,456,1006,0,0,0,0,0,0,0,5,0,4
2019,4,456,130,0,0,0,0,0,0,0,4,0,3
2019,4,456,320,0,0,0,0,0,0,0,0,0,3
2019,4,456,526,0,5,0,0,0,0,0,0,0,3
2019,4,456,650,0,0,0,0,0,0,0,1,0,3
2019,4,456,900,0,2,4,0,0,0,0,7,0,3
2019,4,456,1454,0,0,0,0,0,0,0,8,0,3
2019,4,456,206,0,0,0,0,0,0,0,0,0,2
2019,4,456,272,0,8,0,0,0,0,0,3,1,2
2019,4,456,540,0,0,0,0,0,0,0,0,0,2
2019,4,456,630,1,0,0,0,0,0,0,1,0,2
2019,4,456,41,0,0,0,0,0,0,0,0,0,1
2019,4,456,794,0,0,0,0,0,0,0,3,0,1
2019,4,456,12,0,0,0,0,0,0,0,0,0,0
2019,4,456,37,0,0,0,0,0,0,0,0,0,0
2019,4,456,185,0,0,0,0,0,0,0,0,0,0
2019,4,456,203,0,0,0,0,0,0,0,1,0,0
2019,4,456,220,0,0,0,0,0,0,0,0,0,0
2019,4,456,340,0,0,0,0,0,0,0,0,0,0
2019,4,456,520,0,0,0,0,0,0,0,0,0,0
2019,4,456,558,0,0,0,0,0,0,0,0,0,0
2019,4,456,595,0,0,0,0,0,0,0,0,0,0
2019,4,456,615,0,0,0,0,0,0,0,0,0,0
2019,4,456,684,0,0,0,0,0,0,0,4,0,0
2019,4,456,1149,0,0,0,0,0,0,0,0,0,0
2019,4,456,1728,0,0,0,0,0,0,0,0,0,0
2019,4,456,5900,0,0,0,0,0,0,0,0,0,0
2019,4,758,9200,1,202,0,19,0,13,0,37,31,181
2019,4,758,367,0,3,2,1,0,0,0,2,2,31
2019,4,758,2031,0,17,0,0,0,0,0,14,3,26
2019,4,758,597,0,3,2,0,0,0,0,6,1,24
2019,4,758,393,0,1,0,0,0,0,0,4,3,18
2019,4,758,100,0,3,0,0,0,0,0,2,0,16
2019,4,758,690,0,6,0,0,0,0,0,7,0,12
2019,4,758,748,0,2,2,2,0,0,0,5,4,12
2019,4,758,190,0,1,0,12,0,0,0,5,5,11
2019,4,758,120,0,0,0,2,0,0,0,2,8,10
2019,4,758,348,0,3,0,0,0,0,0,6,0,9
2019,4,758,268,0,21,0,2,0,0,0,2,11,8
2019,4,758,108,0,0,2,0,0,0,0,3,0,7
2019,4,758,150,0,0,0,1,0,0,0,2,2,7
2019,4,758,122,0,1,0,0,0,0,0,0,0,6
2019,4,758,200,0,14,0,0,0,0,0,2,2,6
2019,4,758,220,0,3,0,0,0,0,0,0,0,6
2019,4,758,519,0,20,0,0,0,0,0,6,1,4
2019,4,758,93,0,0,0,1,0,0,0,1,1,3
2019,4,758,143,0,2,0,0,0,0,0,4,0,3
2019,4,758,275,0,8,0,0,0,0,0,5,0,3
2019,4,758,852,0,41,0,5,0,0,0,1,0,3
2019,4,758,100,0,0,0,1,0,0,0,0,0,2
2019,4,758,108,0,0,0,1,0,0,0,4,0,2
2019,4,758,118,0,0,0,0,0,0,0,2,0,2
2019,4,758,190,0,0,0,9,0,0,0,0,2,1
2019,4,758,223,0,1,0,0,0,0,0,0,0,1
2019,4,758,486,0,3,0,0,0,0,0,4,0,1
2019,4,758,1,0,0,0,0,0,0,0,0,0,0
2019,4,758,62,0,0,0,0,0,0,0,0,1,0
2019,4,758,81,0,0,0,0,0,0,0,0,0,0
2019,4,758,88,0,0,0,0,0,0,0,0,0,0
2019,4,758,88,0,0,0,0,0,0,0,2,0,0
2019,4,758,140,0,0,0,0,0,0,0,0,0,0
2019,4,758,175,0,0,0,0,0,0,0,0,0,0
2019,4,758,239,0,0,0,0,0,0,0,0,0,0
2019,4,758,303,0,0,0,0,0,0,0,0,0,0
2019,4,758,348,0,0,0,0,0,0,0,0,0,0
2019,4,758,1555,0,0,0,0,0,0,0,1,0,0
2019,4,759,2349,0,25,0,0,0,0,0,13,14,137
2019,4,759,248,0,5,0,0,0,0,0,7,1,53
2019,4,759,838,0,6,0,0,0,0,0,4,0,41
2019,4,759,430,1,7,0,0,0,0,0,11,1,34
2019,4,759,1380,0,21,0,0,0,0,0,8,1,32
2019,4,759,500,0,0,0,0,0,0,0,0,0,16
2019,4,759,402,0,10,0,0,0,0,0,5,0,13
2019,4,759,895,0,0,0,0,0,0,0,0,0,13
2019,4,759,323,0,3,0,0,0,0,0,1,0,9
2019,4,759,257,0,0,0,0,0,0,0,5,1,8
2019,4,759,306,0,0,0,0,0,0,0,1,0,8
2019,4,759,1650,0,3,0,0,0,0,0,3,0,8
2019,4,759,378,0,28,0,0,0,0,0,2,0,6
2019,4,759,280,0,0,0,0,0,0,0,0,0,5
2019,4,759,135,0,2,0,0,0,0,0,0,0,4
2019,4,759,74,0,0,0,0,0,0,0,1,0,3
2019,4,759,310,0,0,0,0,0,0,0,2,0,3
2019,4,759,36,0,0,0,0,0,0,0,0,0,2
2019,4,759,235,0,1,0,0,0,0,0,0,0,2
2019,4,759,306,0,0,0,0,0,0,0,0,0,2
2019,4,759,313,0,0,0,0,0,0,0,0,0,2
2019,4,759,354,0,2,0,0,0,0,0,4,0,2
2019,4,759,364,0,2,0,0,0,0,0,1,1,2
2019,4,759,396,0,0,0,0,0,0,0,0,0,2
2019,4,759,456,0,0,0,0,0,0,0,0,0,2
2019,4,759,351,0,2,3,2,0,0,0,6,3,1
2019,4,759,351,0,1,0,0,0,0,0,4,0,1
2019,4,759,70,0,3,0,0,0,0,0,0,0,0
2019,4,759,92,0,0,0,0,0,0,0,1,0,0
2019,4,759,105,0,1,0,0,0,0,0,0,0,0
2019,4,759,114,0,1,0,0,0,0,0,0,0,0
2019,4,759,119,0,0,0,0,0,0,0,0,0,0
2019,4,759,188,0,0,0,0,0,0,0,2,1,0
2019,4,759,250,0,4,0,0,0,0,0,2,0,0
2019,4,759,366,0,5,0,0,0,0,0,0,0,0
2019,4,759,371,0,0,0,0,0,0,0,0,0,0
